transaction_id,customer_id,transaction_date,transaction_type,amount,account_number,branch_name,employee_id,customer_name,email,phone,account_status,risk_level,product_type,channel,country,state,balance,credit_score,last_login
TXN00000368,CUST00328,,Transfer,,ACC0000000104,SAN DIEGO,,JENNIFER GARCIA,,,Suspended,low,SAVINGS,mobile,  Mexico  ,NY,,,
TXN00000620,CUST00058,2025-11-23,TRANSFER,872.68,ACC0000000227,CHICAGO,EMP0011,james GARCIA,customer1@hotmail.com,8567849351,inactive,high,Checking,  ONLINE  ,CANADA,TX,78059.53,608.0,2024-05-13
TXN00000029,CUST00013,2026-01-06,Withdrawal,10007.89,ACC0000000116,,EMP0018,  LINDA   rodriguez,customer2@bank.com,4301238856,SUSPENDED,low,SAVINGS,  Branch  ,CANADA,ny,34920.52,439.0,2026-01-04
TXN00000260,CUST00380,2024-08-31,Payment,9887.88,ACC0000000189,Phoenix,EMP0083,james rodriguez,customer3@outlook.com,4808102549,active,Low,  Checking  ,mobile,mexico,TX,38078.4,605.0,2025-03-25
TXN00000562,CUST00141,2025-03-30,PAYMENT,2675.91,ACC0000000280,Phoenix,EMP0054,Robert   johnson  ,customer4@yahoo.com,8072857290,,,investment,BRANCH,United States,,25869.37,843.0,2025-05-24
TXN00000094,CUST00126,2025-09-17,TRANSFER,239.34,ACC0000000101,SAN DIEGO,EMP0059,  John     MILLER  ,customer5@gmail.com,6957608105,  Active  ,high,Checking,  ONLINE  ,CANADA,tx,93488.86,556.0,2025-01-02
TXN00000112,CUST00115,2024-10-18,deposit,2101.32,ACC0000000100,  PHILADELPHIA  ,EMP0090,  LINDA   Williams,customer6@bank.com,5056853051,INACTIVE,low,credit card,MOBILE,  USA  ,ca,39924.16,483.0,2026-05-20
TXN00000599,CUST00072,2026-02-09,TRANSFER,219.69,ACC0000000151,,EMP0078,  LINDA   GARCIA,customer7@bank.com,3014332040,ACTIVE,low,SAVINGS,MOBILE,  Mexico  ,FL,59765.9,348.0,2024-05-10
TXN00000259,CUST00378,2026-02-05,transfer,7471.37,ACC0000000230,  NEW YORK  ,EMP0055,james SMITH,customer8@yahoo.com,9309829806,Inactive,Low,investment,MOBILE,USA,ca,20414.62,600.0,2025-12-13
TXN00001006,CUST00053,2026-03-13,transfer,5233.24,ACC0000000091,SAN DIEGO,EMP0080,William rodriguez,customer9@bank.com,3895151323,INACTIVE,,SAVINGS,  ONLINE  ,United States,  CA  ,35948.97,685.0,2026-06-15
TXN00000211,CUST00347,2025/04/04,Transfer,7782.48,ACC0000000039,San Antonio,EMP0024,JENNIFER   jones  ,customer10@hotmail.com,6036699788,SUSPENDED,High,MORTGAGE,,  USA  ,CA,81707.43,684.0,2024-04-15
TXN00000026,CUST00380,2024-08-27,TRANSFER,12346.48,ACC0000000096,CHICAGO,EMP0059,  LINDA     jones  ,customer11@yahoo.com,7426002047,inactive,Low,credit card,MOBILE,usa,NY,30122.22,580.0,2024-09-06
TXN00000583,CUST00280,2025-06-30,deposit,3925.74,ACC0000000089,  NEW YORK  ,EMP0066,elizabeth Williams,customer12@hotmail.com,7319579830,Active,,MORTGAGE,  ONLINE  ,MEXICO,,64191.82,745.0,2025-01-16
TXN00000962,CUST00045,2024-09-01,Payment,5609.45,ACC0000000264,dallas,EMP0055,elizabeth Davis,customer13@yahoo.com,9309383033,  Active  ,high,  Checking  ,atm,mexico,ca,63760.95,741.0,2026-01-05
TXN00000981,CUST00303,2024-11-12,Transfer,11259.16,ACC0000000062,  PHILADELPHIA  ,EMP0071,JENNIFER   johnson  ,customer14@gmail.com,9718714399,,low,credit card,,USA,,14176.69,809.0,2024-07-17
TXN00000903,CUST00217,08-04-2026,DEPOSIT,13108.23,ACC0000000194,dallas,,  LINDA   SMITH,customer15@hotmail.com,8742203960,,low,Checking,  Branch  ,mexico,tx,53737.61,720.0,2024-02-12
TXN00000698,CUST00017,2026-03-14,PAYMENT,11007.39,ACC0000000021,houston,EMP0058,james rodriguez,customer16@yahoo.com,8138113948,  Active  ,  HIGH  ,,ATM,CANADA,TX,58029.27,351.0,2026-03-06
TXN00000378,CUST00016,2025-04-25,TRANSFER,1814.95,ACC0000000220,  PHILADELPHIA  ,EMP0050,MARIA   jones  ,customer17@bank.com,2056688327,,Medium,credit card,  Branch  ,  Mexico  ,FL,27655.99,634.0,2026-02-16
TXN00000106,CUST00048,2026-05-05,withdrawal,13503.47,ACC0000000143,Los Angeles,EMP0046,  John     MILLER  ,customer18@bank.com,5212251641,Suspended,MEDIUM,,,  Mexico  ,  CA  ,39747.15,746.0,2024-05-13
TXN00000518,CUST00112,2024-07-17,Withdrawal,5058.41,ACC0000000285,SAN DIEGO,EMP0029,elizabeth BROWN,customer19@outlook.com,3316884378,INACTIVE,High,Loan,,usa,CA,86770.91,568.0,2025-05-30
TXN00000979,CUST00120,2025/01/11,,6468.4,ACC0000000136,San Antonio,EMP0024,  LINDA   GARCIA,customer20@yahoo.com,8682652438,inactive,High,Checking,mobile,,,86762.92,465.0,2024-04-05
TXN00000234,CUST00259,2025-11-25,TRANSFER,7881.62,ACC0000000067,houston,EMP0055,MARIA GARCIA,customer21@gmail.com,7753621573,Suspended,Low,MORTGAGE,  Branch  ,MEXICO,  CA  ,20262.21,314.0,2025-03-03
TXN00000134,CUST00309,2025-08-07,DEPOSIT,3981.1,ACC0000000083,SAN DIEGO,EMP0078,  John   MARTINEZ,customer22@outlook.com,2862279292,inactive,Medium,SAVINGS,  ONLINE  ,mexico,,96087.0,618.0,2024-12-09
TXN00000821,CUST00014,2025-03-27,TRANSFER,14627.01,ACC0000000300,,EMP0001,  PATRICIA   MARTINEZ,customer23@bank.com,5054729919,active,High,MORTGAGE,BRANCH,canada,NY,92453.35,622.0,2024-02-18
TXN00001008,CUST00288,2025-04-17,deposit,9431.62,ACC0000000131,SAN DIEGO,EMP0074,William BROWN,customer24@gmail.com,3755331001,active,MEDIUM,investment,atm,canada,  CA  ,93519.1,733.0,2025-02-20
TXN00000152,CUST00102,2026-13-45,transfer,7467.41,ACC0000000003,CHICAGO,EMP0064,Robert BROWN,customer25@yahoo.com,4544071756,Active,low,Loan,mobile,CANADA,NY,34678.42,672.0,
TXN00000591,CUST00367,2026-02-26,Payment,7686.19,ACC0000000170,dallas,EMP0094,  John     johnson  ,customer26@bank.com,7319015807,Inactive,  HIGH  ,credit card,  ONLINE  ,USA,CA,17277.73,801.0,2024-09-16
TXN00000645,CUST00333,2024-10-15,Payment,878.81,ACC0000000239,Phoenix,EMP0031,William Davis,customer27@outlook.com,8746468289,Suspended,,SAVINGS,Online,CANADA,,8881.09,753.0,2025-02-09
TXN00000703,CUST00360,2026-03-07,withdrawal,12897.43,ACC0000000080,  PHILADELPHIA  ,EMP0092,MARIA rodriguez,customer28@bank.com,3436909035,,Medium,,BRANCH,usa,FL,68372.42,648.0,2024-07-20
TXN00000055,CUST00280,2025-01-26,PAYMENT,2544.88,ACC0000000021,San Antonio,EMP0065,michael BROWN,customer29@hotmail.com,9114209563,INACTIVE,,credit card,BRANCH,mexico,,33460.19,850.0,2024-01-03
TXN00000156,CUST00215,01-08-2026,withdrawal,2401.78,  ACC0000000079  ,  PHILADELPHIA  ,,  LINDA   GARCIA,customer30@outlook.com,5607209818,  Active  ,  HIGH  ,SAVINGS,ATM,mexico,ca,53770.99,329.0,2025-11-29
TXN00000153,CUST00113,2025-05-29,PAYMENT,11611.27,ACC0000000166,Los Angeles,EMP0035,elizabeth MARTINEZ,customer31@bank.com,7223142622,  Active  ,Low,credit card,  Branch  ,United States,NY,34450.91,761.0,2026-04-24
TXN00000831,CUST00230,2025-06-24,transfer,13419.31,ACC0000000027,Los Angeles,EMP0053,William SMITH,customer32@outlook.com,8789391732,inactive,Medium,investment,ATM,MEXICO,,98948.73,615.0,2024-02-28
TXN00000577,CUST00302,2025-03-04,deposit,10128.1,ACC0000000155,SAN DIEGO,EMP0070,JENNIFER   MILLER  ,customer33@yahoo.com,4421374081,ACTIVE,Medium,  Checking  ,ATM,canada,,48846.98,626.0,2024-12-18
TXN00000972,CUST00143,2024-06-14,Withdrawal,1774.24,ACC0000000252,Los Angeles,EMP0074,james   MILLER  ,customer34@hotmail.com,3454064526,inactive,Medium,credit card,BRANCH,  USA  ,ca,91481.43,526.0,2026-01-02
TXN00000312,CUST00004,2026-04-16,,11124.66,ACC0000000294,  NEW YORK  ,EMP0047,JENNIFER   MILLER  ,customer35@hotmail.com,3377164539,INACTIVE,Medium,  Checking  ,atm,USA,  NY  ,,496.0,2026-03-23
TXN00000088,CUST00389,2024-07-23,PAYMENT,88.4,ACC0000000282,CHICAGO,EMP0005,JENNIFER SMITH,customer36@bank.com,8054675544,active,  HIGH  ,investment,ATM,usa,,34991.72,818.0,2025-09-01
TXN00000255,CUST00082,2026-03-31,,12887.4,ACC0000000184,CHICAGO,EMP0005,Robert GARCIA,customer37@outlook.com,3318467914,ACTIVE,high,credit card,ATM,  USA  ,,17600.25,329.0,2024-08-24
TXN00000122,CUST00358,2025-09-11,Payment,233.71,ACC0000000038,  NEW YORK  ,EMP0073,JENNIFER   jones  ,customer38@outlook.com,2766635177,INACTIVE,  HIGH  ,SAVINGS,BRANCH,canada,ca,57968.92,735.0,2026-04-28
TXN00000572,CUST00217,2024-05-21,Payment,737.42,ACC0000000163,houston,EMP0062,  LINDA   rodriguez,customer39@outlook.com,4664903675,INACTIVE,  HIGH  ,SAVINGS,BRANCH,MEXICO,ny,40961.49,433.0,2025-03-26
TXN00000783,CUST00175,2026/06/12,transfer,-1883.4848320230797,ACC0000000270,Los Angeles,EMP0091,MARIA BROWN,USER40@YAHOO.COM,6095672364,SUSPENDED,High,credit card,mobile,USA,ny,59323.3,,2025-04-12
TXN00000427,CUST00143,2024-09-13,DEPOSIT,13807.39,ACC0000000113,,EMP0048,  LINDA     MILLER  ,customer41@hotmail.com,4607927968,SUSPENDED,high,SAVINGS,mobile,USA,  NY  ,86965.1,548.0,2025-04-15
TXN00000621,CUST00080,2024-02-23,,2725.47,ACC0000000095,houston,EMP0015,  LINDA     jones  ,customer42@bank.com,9112469780,Inactive,,SAVINGS,  Branch  ,canada,,23004.77,678.0,2024-12-30
TXN00000611,CUST00111,2025-10-18,PAYMENT,14407.12,ACC0000000267,Los Angeles,EMP0075,james   MILLER  ,customer43@outlook.com,4081725413,active,low,,MOBILE,United States,  CA  ,53444.35,564.0,2025-02-11
TXN00000810,CUST00391,2025-05-07,,578.69,ACC0000000035,  NEW YORK  ,EMP0062,michael Williams,customer44@bank.com,8488134156,INACTIVE,,credit card,MOBILE,canada,  CA  ,78386.58,714.0,2025-08-21
TXN00000634,CUST00173,14-06-2026,deposit,12056.58,ACC0000000259,dallas,,elizabeth MARTINEZ,customer45@gmail.com,9314819379,INACTIVE,Low,Loan,,mexico,CA,37635.14,690.0,2024-04-08
TXN00000232,CUST00053,2025-01-15,DEPOSIT,10724.61,ACC0000000082,San Antonio,EMP0089,MARIA Williams,customer46@yahoo.com,8192677876,  Active  ,MEDIUM,Loan,,USA,TX,23131.81,433.0,2025-09-17
TXN00000795,CUST00048,2025-07-21,transfer,9852.76,ACC0000000213,,EMP0011,  PATRICIA     jones  ,customer47@yahoo.com,3574238104,ACTIVE,  HIGH  ,credit card,ATM,CANADA,tx,99151.5,488.0,2025-07-04
TXN00000536,CUST00195,2024-04-15,DEPOSIT,3406.5,ACC0000000279,SAN DIEGO,EMP0019,  LINDA   rodriguez,customer48@yahoo.com,5881265055,Inactive,Medium,credit card,  Branch  ,  Mexico  ,NY,50943.64,728.0,2024-08-17
TXN00000390,CUST00050,2025-12-29,Transfer,3761.53,ACC0000000275,dallas,EMP0094,JENNIFER   johnson  ,customer49@outlook.com,2793763041,INACTIVE,MEDIUM,credit card,Online,mexico,  CA  ,56433.42,644.0,2024-05-15
TXN00000462,CUST00184,2026/08/01,,13742.03,ACC0000000207,dallas,EMP0094,elizabeth   MILLER  ,user50@gmail,(744) 212-9984,active,High,  Checking  ,atm,,NY,39730.71,596.0,
TXN00000931,CUST00177,2026-05-16,,4833.03,ACC0000000048,Phoenix,EMP0068,MARIA SMITH,customer51@yahoo.com,6161676396,ACTIVE,Medium,Checking,ATM,CANADA,ca,37214.62,355.0,2026-02-25
TXN00000454,CUST00310,2025-06-12,Payment,12398.66,ACC0000000179,  NEW YORK  ,EMP0097,michael   jones  ,customer52@outlook.com,8551916944,Inactive,low,SAVINGS,,mexico,,95211.21,411.0,2024-03-13
TXN00000305,CUST00136,2026-05-21,transfer,8594.46,ACC0000000114,  PHILADELPHIA  ,EMP0100,michael Williams,customer53@yahoo.com,5418965476,,low,investment,  Branch  ,,  CA  ,49473.58,706.0,2025-12-01
TXN00000881,CUST00023,2024-05-07,,1835.04,ACC0000000110,houston,EMP0036,William Davis,customer54@hotmail.com,3499894698,,Medium,SAVINGS,  ONLINE  ,mexico,FL,27022.09,642.0,2024-01-24
TXN00000603,CUST00374,2024-10-18,withdrawal,10116.22,ACC0000000170,dallas,EMP0060,elizabeth Williams,customer55@outlook.com,4801102604,active,  HIGH  ,SAVINGS,ATM,MEXICO,tx,39241.63,655.0,2025-10-29
TXN00000440,CUST00236,2024-03-26,withdrawal,837.45,ACC0000000170,Los Angeles,EMP0067,  PATRICIA   Williams,customer56@outlook.com,5863277203,Active,  HIGH  ,,BRANCH,mexico,ca,85162.1,534.0,2024-06-14
TXN00000313,CUST00275,2026-02-20,deposit,3386.62,ACC0000000185,  NEW YORK  ,EMP0011,michael   jones  ,customer57@bank.com,3079013023,  Active  ,Low,credit card,Mobile,USA,TX,33113.26,354.0,2025-09-04
TXN00001037,CUST00064,2024-06-13,,7760.82,ACC0000000151,houston,EMP0067,William Davis,customer58@yahoo.com,3796396022,Active,high,,ATM,canada,,61378.5,309.0,2024-04-01
TXN00000636,CUST00194,2024-10-06,PAYMENT,736.63,ACC0000000112,,EMP0079,  John     jones  ,customer59@hotmail.com,8029419021,,high,,BRANCH,,ca,75842.8,735.0,2025-03-01
TXN00000062,CUST00041,01-08-2026,DEPOSIT,$4069.16,ACC0000000272,Los Angeles,,elizabeth   jones  ,customer60@hotmail.com,2976416716,,Medium,,BRANCH,usa,  NY  ,77527.32,464.0,2025-11-30
TXN00000625,CUST00283,2025-04-05,Payment,13161.02,ACC0000000244,,EMP0012,  LINDA   rodriguez,customer61@bank.com,9176855620,Inactive,,Checking,Mobile,CANADA,tx,29443.17,491.0,2026-04-12
TXN00000984,CUST00151,2025-06-09,transfer,12997.18,ACC0000000288,  NEW YORK  ,EMP0032,  LINDA   BROWN,customer62@gmail.com,7643772623,Active,,credit card,atm,CANADA,  CA  ,26908.99,421.0,2025-12-03
TXN00000758,CUST00322,2024-05-30,PAYMENT,11614.24,ACC0000000005,  PHILADELPHIA  ,EMP0061,  John   SMITH,customer63@yahoo.com,2492746210,SUSPENDED,Low,investment,ATM,  Mexico  ,ny,1752.63,479.0,2026-01-30
TXN00000102,CUST00317,2026-04-30,DEPOSIT,4694.93,ACC0000000059,SAN DIEGO,EMP0081,james   jones  ,customer64@gmail.com,9694983960,Active,low,credit card,MOBILE,canada,  NY  ,31355.31,455.0,2024-03-16
TXN00000971,CUST00186,2025-03-23,,1341.46,ACC0000000178,San Antonio,EMP0095,Robert Davis,customer65@hotmail.com,5539259711,inactive,  HIGH  ,SAVINGS,  ONLINE  ,USA,CA,62694.85,601.0,2025-04-25
TXN00000782,CUST00296,2024-04-03,PAYMENT,6878.36,ACC0000000229,  PHILADELPHIA  ,EMP0085,MARIA   jones  ,customer66@outlook.com,7647087597,Inactive,High,MORTGAGE,Mobile,canada,CA,87897.26,485.0,2024-11-01
TXN00000213,CUST00099,2024-08-15,Transfer,5565.34,ACC0000000124,  NEW YORK  ,EMP0086,michael Williams,customer67@bank.com,6887063090,INACTIVE,,investment,MOBILE,,CA,89492.85,762.0,2025-01-22
TXN00000641,CUST00361,2026-04-16,PAYMENT,4409.35,ACC0000000125,dallas,EMP0010,  LINDA   BROWN,customer68@hotmail.com,4651099414,  Active  ,high,credit card,  Branch  ,canada,CA,82608.53,738.0,2026-06-04
TXN00000217,CUST00036,2025-04-06,withdrawal,11778.38,ACC0000000021,Phoenix,EMP0088,  John     johnson  ,customer69@yahoo.com,9302593070,Suspended,,,mobile,usa,CA,8376.45,789.0,2025-09-14
TXN00000271,CUST00024,2024/12/23,,11106.66,ACC0000000165,SAN DIEGO,EMP0082,Robert Davis,,346-487-5380,SUSPENDED,MEDIUM,MORTGAGE,,  USA  ,CA,,785.0,2024-02-11
TXN00000677,CUST00339,2024-01-28,Withdrawal,3676.63,ACC0000000196,  NEW YORK  ,EMP0070,MARIA MARTINEZ,customer71@bank.com,2548427064,,MEDIUM,Checking,BRANCH,  Mexico  ,ca,83407.31,618.0,2026-05-31
TXN00000084,CUST00117,2025-02-28,PAYMENT,5555.69,ACC0000000059,Los Angeles,EMP0075,JENNIFER MARTINEZ,customer72@gmail.com,9248965081,active,,SAVINGS,mobile,mexico,  NY  ,91474.16,710.0,2024-06-11
TXN00000161,CUST00396,2024-02-24,transfer,14579.27,ACC0000000198,Phoenix,EMP0040,  LINDA   MARTINEZ,customer73@outlook.com,8947237852,SUSPENDED,High,credit card,  Branch  ,CANADA,  CA  ,60301.1,437.0,2025-08-19
TXN00000246,CUST00149,2025-02-09,Transfer,14966.92,ACC0000000132,Los Angeles,EMP0079,michael   jones  ,customer74@bank.com,9235683999,INACTIVE,High,MORTGAGE,ATM,MEXICO,FL,17316.67,623.0,2026-02-06
TXN00000178,CUST00041,2026-13-45,,11649.5,ACC0000000277,houston,,  LINDA     johnson  ,customer75@bank.com,6494628678,ACTIVE,MEDIUM,,Mobile,  USA  ,ca,20715.63,368.0,
TXN00000566,CUST00120,2025-05-29,PAYMENT,11000.33,ACC0000000145,SAN DIEGO,EMP0007,JENNIFER rodriguez,customer76@hotmail.com,7143935519,ACTIVE,low,Loan,Online,  USA  ,ca,83469.43,699.0,2025-06-27
TXN00000077,CUST00052,2025-01-17,TRANSFER,8221.06,ACC0000000013,Los Angeles,EMP0044,elizabeth SMITH,customer77@outlook.com,6386334748,SUSPENDED,high,Loan,Online,United States,NY,34027.9,328.0,2024-08-11
TXN00000976,CUST00195,2024-08-29,Transfer,11949.8,ACC0000000265,Los Angeles,EMP0069,Robert Williams,customer78@outlook.com,5127502424,Suspended,high,investment,  Branch  ,usa,tx,24365.78,406.0,2024-05-02
TXN00000003,CUST00143,2025-01-30,Withdrawal,2300.97,ACC0000000192,houston,EMP0100,elizabeth SMITH,customer79@outlook.com,5125166123,SUSPENDED,,SAVINGS,MOBILE,,ca,79551.7,380.0,2026-03-15
TXN00000419,CUST00233,2024/03/24,TRANSFER,,ACC0000000264,SAN DIEGO,EMP0002,james GARCIA,USER80@YAHOO.COM,2927492302,INACTIVE,,investment,  Branch  ,  Mexico  ,tx,9515.01,,2024-01-30
TXN00000999,CUST00326,2025-01-18,Transfer,13989.34,ACC0000000261,San Antonio,EMP0061,  LINDA   Williams,customer81@outlook.com,2788474932,ACTIVE,Medium,Checking,,MEXICO,,37058.14,481.0,2024-09-26
TXN00000706,CUST00187,2024-08-17,Payment,407.46,ACC0000000229,houston,EMP0059,JENNIFER Williams,customer82@outlook.com,2952691940,active,High,SAVINGS,mobile,  Mexico  ,  NY  ,40058.54,587.0,2024-09-10
TXN00000609,CUST00084,2024-01-29,transfer,8146.1,ACC0000000250,houston,EMP0066,  John     jones  ,customer83@hotmail.com,2868615683,INACTIVE,,SAVINGS,BRANCH,United States,CA,9732.52,402.0,2026-05-12
TXN00000482,CUST00190,2024-11-22,DEPOSIT,9557.33,ACC0000000023,SAN DIEGO,EMP0061,JENNIFER   MILLER  ,customer84@outlook.com,7676041175,ACTIVE,low,MORTGAGE,Mobile,USA,FL,30071.35,394.0,2026-01-29
TXN00000299,CUST00182,2024-04-11,Transfer,10417.24,ACC0000000152,houston,EMP0074,JENNIFER SMITH,customer85@hotmail.com,6347939334,inactive,Medium,  Checking  ,Online,USA,CA,11644.74,681.0,2025-07-08
TXN00000034,CUST00108,2026-05-09,Withdrawal,193.44,ACC0000000099,dallas,EMP0094,Robert   jones  ,customer86@hotmail.com,9482398858,ACTIVE,Medium,credit card,MOBILE,MEXICO,  CA  ,82932.33,815.0,2026-04-20
TXN00000238,CUST00344,2026-01-01,deposit,5058.51,ACC0000000165,CHICAGO,EMP0043,William   johnson  ,customer87@outlook.com,7096279722,Inactive,MEDIUM,  Checking  ,BRANCH,USA,  NY  ,21027.42,557.0,2024-10-09
TXN00000296,CUST00137,2025-10-27,DEPOSIT,11395.99,ACC0000000264,SAN DIEGO,EMP0054,William BROWN,customer88@gmail.com,9142277643,ACTIVE,Medium,SAVINGS,MOBILE,  USA  ,  NY  ,22442.99,846.0,2024-03-09
TXN00000724,CUST00360,2024-12-09,,5675.31,ACC0000000043,SAN DIEGO,EMP0046,james   johnson  ,customer89@yahoo.com,2147314115,inactive,,  Checking  ,Online,United States,TX,18177.46,829.0,2025-09-26
TXN00000290,CUST00350,01-08-2026,Transfer,11084.34,  ACC0000000050  ,San Antonio,,elizabeth Williams,customer90@outlook.com,,active,High,investment,,  Mexico  ,ca,62318.57,697.0,2025-01-31
TXN00000720,CUST00332,2026-03-21,DEPOSIT,4647.28,ACC0000000086,Los Angeles,EMP0038,William GARCIA,customer91@yahoo.com,9631077962,,,SAVINGS,  ONLINE  ,,,22232.29,361.0,2025-02-05
TXN00000995,CUST00037,2024-05-29,PAYMENT,3117.66,ACC0000000276,dallas,EMP0038,JENNIFER   jones  ,customer92@hotmail.com,9196476653,inactive,  HIGH  ,credit card,Online,United States,ny,42528.89,306.0,2024-06-15
TXN00000465,CUST00312,2024-05-20,Transfer,14747.58,ACC0000000274,  PHILADELPHIA  ,EMP0022,Robert GARCIA,customer93@gmail.com,4508569652,INACTIVE,  HIGH  ,  Checking  ,atm,  Mexico  ,ny,73056.33,849.0,2024-06-03
TXN00000073,CUST00326,2024-02-09,TRANSFER,6326.25,ACC0000000004,,EMP0005,MARIA rodriguez,customer94@hotmail.com,9007231693,SUSPENDED,low,SAVINGS,ATM,  USA  ,ny,95111.65,315.0,2025-08-04
TXN00000704,CUST00088,2024-10-20,Withdrawal,14419.72,ACC0000000034,San Antonio,EMP0089,elizabeth GARCIA,customer95@gmail.com,8215593761,,  HIGH  ,  Checking  ,atm,  Mexico  ,  CA  ,10640.41,410.0,2024-03-24
TXN00000240,CUST00274,2026-04-29,withdrawal,14589.76,ACC0000000108,Los Angeles,EMP0077,james SMITH,customer96@hotmail.com,8908829577,ACTIVE,high,  Checking  ,Mobile,canada,ca,80081.57,785.0,2026-03-31
TXN00000947,CUST00374,2025-04-28,withdrawal,2178.48,ACC0000000110,CHICAGO,EMP0096,james rodriguez,customer97@bank.com,4302792230,inactive,high,investment,  Branch  ,,,45285.36,828.0,2026-06-08
TXN00001029,CUST00126,2025-12-13,Withdrawal,4233.39,ACC0000000218,CHICAGO,EMP0039,Robert GARCIA,customer98@bank.com,5759593184,Active,,,,MEXICO,  CA  ,32414.7,705.0,2024-07-26
TXN00000807,CUST00084,2026-05-01,deposit,706.31,ACC0000000054,SAN DIEGO,EMP0094,  LINDA     MILLER  ,customer99@bank.com,7264611834,Suspended,low,MORTGAGE,BRANCH,United States,FL,2589.62,792.0,2024-05-01
TXN00000811,CUST00237,,Withdrawal,3510.51,ACC0000000106,San Antonio,EMP0073,JENNIFER Williams,user100@gmail,(632) 607-7211,ACTIVE,Low,  Checking  ,mobile,USA,FL,62456.31,806.0,
TXN00001035,CUST00195,2024-05-22,PAYMENT,12690.29,ACC0000000276,SAN DIEGO,EMP0034,MARIA BROWN,customer101@gmail.com,3744822855,,Medium,credit card,  ONLINE  ,usa,,95320.33,430.0,2025-03-05
TXN00000604,CUST00139,2026-02-16,Withdrawal,6225.2,ACC0000000223,  PHILADELPHIA  ,EMP0008,james rodriguez,customer102@hotmail.com,5467955092,inactive,  HIGH  ,credit card,ATM,  USA  ,tx,15818.96,500.0,2025-05-13
TXN00000678,CUST00328,2025-12-23,Withdrawal,13438.89,ACC0000000037,CHICAGO,EMP0081,  PATRICIA   BROWN,customer103@yahoo.com,7529712931,Inactive,high,investment,,USA,ny,86561.62,381.0,2024-01-15
TXN00000824,CUST00353,2025-04-25,DEPOSIT,6903.95,ACC0000000079,SAN DIEGO,EMP0061,William MARTINEZ,customer104@gmail.com,4974068915,,MEDIUM,SAVINGS,  ONLINE  ,MEXICO,tx,80435.87,477.0,2025-05-28
TXN00000203,CUST00286,04-04-2025,,11231.1,ACC0000000013,dallas,,William rodriguez,customer105@gmail.com,5003714490,Active,,credit card,BRANCH,CANADA,,,666.0,2024-02-27
TXN00000436,CUST00113,2025-09-22,withdrawal,8732.52,ACC0000000236,,EMP0075,William   johnson  ,customer106@gmail.com,2028557449,Active,,Loan,BRANCH,usa,ca,29064.4,754.0,2025-01-10
TXN00000118,CUST00351,2024-01-06,deposit,7606.15,ACC0000000170,  PHILADELPHIA  ,EMP0022,michael Davis,customer107@hotmail.com,4224129446,Inactive,,credit card,Mobile,United States,  CA  ,77206.18,313.0,2025-02-19
TXN00000558,CUST00167,2024-03-22,DEPOSIT,9576.37,ACC0000000020,  PHILADELPHIA  ,EMP0074,MARIA   johnson  ,customer108@gmail.com,2365748999,active,,Checking,Online,CANADA,  CA  ,9626.57,579.0,2025-07-24
TXN00000231,CUST00394,2024-01-20,withdrawal,5945.55,ACC0000000045,SAN DIEGO,EMP0007,james SMITH,customer109@bank.com,2584641096,  Active  ,High,credit card,BRANCH,  USA  ,ny,77857.04,756.0,2025-01-12
TXN00000664,CUST00398,2024/09/19,,8898.84,ACC0000000038,  PHILADELPHIA  ,EMP0085,  LINDA   GARCIA,customer110@yahoo.com,8305716382,Suspended,Low,SAVINGS,Mobile,CANADA,,18555.15,438.0,2026-05-11
TXN00001018,CUST00029,2024-08-08,Withdrawal,981.13,ACC0000000028,  PHILADELPHIA  ,EMP0038,Robert GARCIA,customer111@hotmail.com,5054622755,Inactive,High,Loan,Online,usa,FL,38910.31,718.0,2025-03-03
TXN00000998,CUST00118,2026-05-05,,9953.54,ACC0000000092,San Antonio,EMP0095,james Davis,customer112@yahoo.com,2054584050,Inactive,high,investment,MOBILE,usa,CA,53392.0,569.0,2026-05-11
TXN00000273,CUST00017,2024-06-02,withdrawal,2004.09,ACC0000000129,San Antonio,EMP0080,elizabeth rodriguez,customer113@hotmail.com,6114631145,INACTIVE,MEDIUM,SAVINGS,atm,CANADA,  NY  ,99761.76,468.0,2025-02-06
TXN00000847,CUST00162,2025-07-15,Payment,4410.56,ACC0000000286,  PHILADELPHIA  ,EMP0004,JENNIFER Williams,customer114@hotmail.com,3035419061,SUSPENDED,,credit card,ATM,mexico,TX,69911.81,735.0,2025-04-16
TXN00000146,CUST00206,2026-01-14,Transfer,12771.16,ACC0000000037,dallas,EMP0037,Robert SMITH,customer115@hotmail.com,4021869668,active,Low,credit card,BRANCH,,tx,52848.38,377.0,2026-02-10
TXN00000074,CUST00138,2025-09-15,Transfer,13894.33,ACC0000000295,houston,EMP0063,MARIA BROWN,customer116@hotmail.com,7262577729,SUSPENDED,Medium,investment,Mobile,mexico,CA,56587.07,450.0,2026-06-17
TXN00000989,CUST00034,2025-06-24,TRANSFER,5924.64,ACC0000000117,dallas,EMP0011,james Williams,customer117@yahoo.com,3265991113,active,High,credit card,Online,CANADA,,60902.1,413.0,2024-02-11
TXN00000170,CUST00109,2025-03-09,PAYMENT,12486.9,ACC0000000133,SAN DIEGO,EMP0017,  PATRICIA     jones  ,customer118@bank.com,3598875098,SUSPENDED,high,credit card,BRANCH,MEXICO,TX,83656.3,468.0,2025-01-27
TXN00000812,CUST00291,2024-04-23,,4927.46,ACC0000000209,houston,EMP0065,james BROWN,customer119@yahoo.com,4315817477,INACTIVE,  HIGH  ,Checking,  Branch  ,,tx,76018.72,354.0,2024-08-27
TXN00000315,CUST00368,01-08-2026,Withdrawal,$4582.30,ACC0000000199,San Antonio,,james   johnson  ,USER120@YAHOO.COM,5834066971,active,MEDIUM,credit card,ATM,canada,CA,1665.93,,2025-12-18
TXN00000610,CUST00162,2026-03-05,,3542.49,ACC0000000231,SAN DIEGO,EMP0010,michael   johnson  ,customer121@bank.com,6382869788,Inactive,Medium,SAVINGS,Online,canada,CA,36737.67,508.0,2025-02-07
TXN00000767,CUST00109,2024-10-22,Withdrawal,14156.14,ACC0000000208,Phoenix,EMP0036,MARIA SMITH,customer122@hotmail.com,4752118185,ACTIVE,Low,credit card,ATM,mexico,FL,24265.98,841.0,2024-06-05
TXN00000845,CUST00336,2024-08-31,Payment,2084.87,ACC0000000222,  PHILADELPHIA  ,EMP0033,  LINDA     MILLER  ,customer123@gmail.com,8729598198,,,Checking,BRANCH,mexico,CA,51911.32,557.0,2024-03-27
TXN00000991,CUST00256,2024-11-04,Payment,11563.69,ACC0000000162,,EMP0017,  John   BROWN,customer124@hotmail.com,3652436795,Inactive,High,  Checking  ,mobile,canada,CA,56222.68,534.0,2025-08-07
TXN00000961,CUST00203,2026-13-45,PAYMENT,1679.14,ACC0000000009,,EMP0079,MARIA SMITH,customer125@hotmail.com,9655441095,Active,high,credit card,MOBILE,  USA  ,ny,76931.61,790.0,
TXN00000450,CUST00330,2024-05-04,deposit,1629.58,ACC0000000200,San Antonio,EMP0036,William MARTINEZ,customer126@hotmail.com,5679914251,Suspended,  HIGH  ,  Checking  ,BRANCH,,NY,40817.17,650.0,2025-06-08
TXN00000128,CUST00235,2024-02-18,withdrawal,6771.02,ACC0000000061,  NEW YORK  ,EMP0036,  John   Davis,customer127@outlook.com,3132945667,ACTIVE,Medium,SAVINGS,atm,canada,TX,89128.34,533.0,2026-04-03
TXN00000480,CUST00074,2024-09-01,TRANSFER,4744.8,ACC0000000274,  NEW YORK  ,EMP0033,MARIA   jones  ,customer128@outlook.com,2412367464,SUSPENDED,High,SAVINGS,,MEXICO,  NY  ,93582.22,740.0,2025-02-07
TXN00000967,CUST00136,2025-03-05,Payment,1855.01,ACC0000000004,Phoenix,EMP0002,  John     johnson  ,customer129@bank.com,6318616426,,high,MORTGAGE,MOBILE,,  NY  ,56183.25,654.0,2025-01-05
TXN00001014,CUST00072,2025/10/16,DEPOSIT,5406.4,ACC0000000033,dallas,EMP0095,Robert SMITH,customer130@gmail.com,2322644260,  Active  ,  HIGH  ,MORTGAGE,atm,United States,ca,91376.39,695.0,2025-01-05
TXN00000717,CUST00127,2026-03-23,Transfer,11566.53,ACC0000000300,  NEW YORK  ,EMP0015,MARIA   johnson  ,customer131@outlook.com,6907815354,Inactive,High,SAVINGS,,United States,  NY  ,77810.05,845.0,2024-03-02
TXN00000413,CUST00382,2025-09-29,Withdrawal,6806.16,ACC0000000024,SAN DIEGO,EMP0078,elizabeth BROWN,customer132@bank.com,3215319012,active,Medium,investment,Mobile,USA,,42192.23,349.0,2024-11-06
TXN00000279,CUST00288,2025-04-13,transfer,6977.03,ACC0000000038,CHICAGO,EMP0023,elizabeth BROWN,customer133@yahoo.com,7636073087,Active,high,credit card,mobile,  Mexico  ,ny,95599.06,772.0,2025-08-18
TXN00000513,CUST00276,2024-03-05,Transfer,12794.61,ACC0000000184,Phoenix,EMP0076,james GARCIA,customer134@outlook.com,5328697551,Suspended,low,credit card,atm,CANADA,,86539.41,658.0,2024-10-20
TXN00000553,CUST00135,23-04-2024,Payment,1401.79,ACC0000000258,  NEW YORK  ,,  John     johnson  ,customer135@yahoo.com,7138437370,INACTIVE,MEDIUM,SAVINGS,atm,MEXICO,  CA  ,58773.15,472.0,2026-03-08
TXN00000506,CUST00383,2026-05-06,Payment,12123.57,ACC0000000055,Phoenix,EMP0095,james   jones  ,customer136@yahoo.com,3342122767,  Active  ,Low,credit card,  Branch  ,mexico,TX,42135.75,677.0,2026-02-20
TXN00000449,CUST00300,2025-05-26,DEPOSIT,4598.01,ACC0000000149,houston,EMP0020,elizabeth GARCIA,customer137@yahoo.com,2212293548,Suspended,High,SAVINGS,Mobile,canada,TX,75674.71,571.0,2026-03-13
TXN00000083,CUST00220,2025-09-03,DEPOSIT,10585.34,ACC0000000155,houston,EMP0085,JENNIFER Williams,customer138@outlook.com,5526121223,  Active  ,  HIGH  ,Checking,Online,MEXICO,FL,54352.58,826.0,2024-09-17
TXN00000613,CUST00299,2025-07-02,transfer,9069.37,ACC0000000045,  PHILADELPHIA  ,EMP0058,William MARTINEZ,customer139@yahoo.com,9858004874,Inactive,  HIGH  ,Loan,BRANCH,CANADA,ca,28674.27,479.0,2024-11-03
TXN00000041,CUST00205,2024/01/17,Transfer,3264.56,ACC0000000145,  NEW YORK  ,EMP0048,  PATRICIA   rodriguez,,253-794-6605,inactive,High,credit card,  ONLINE  ,  Mexico  ,NY,,617.0,2025-11-02
TXN00000443,CUST00186,2025-10-09,PAYMENT,12855.77,ACC0000000225,Phoenix,EMP0023,elizabeth   johnson  ,customer141@bank.com,6397111131,SUSPENDED,  HIGH  ,credit card,Mobile,USA,TX,86396.68,430.0,2024-02-07
TXN00000753,CUST00113,2025-06-11,transfer,2267.44,ACC0000000196,SAN DIEGO,EMP0034,MARIA MARTINEZ,customer142@bank.com,6445915742,,High,credit card,  ONLINE  ,,  CA  ,14683.69,426.0,2025-03-27
TXN00000331,CUST00071,2025-08-11,Transfer,10681.8,ACC0000000203,SAN DIEGO,EMP0090,  John   rodriguez,customer143@bank.com,4885972353,active,high,investment,ATM,MEXICO,ny,70904.06,538.0,2025-03-17
TXN00000619,CUST00261,2024-09-04,Payment,14527.58,ACC0000000016,SAN DIEGO,EMP0031,  PATRICIA   BROWN,customer144@outlook.com,9795395059,INACTIVE,  HIGH  ,Checking,ATM,MEXICO,,51510.63,815.0,2025-02-04
TXN00000257,CUST00253,2026-01-05,Transfer,5973.85,ACC0000000243,dallas,EMP0063,Robert Williams,customer145@outlook.com,8322569376,Inactive,MEDIUM,SAVINGS,Mobile,usa,NY,98332.24,632.0,2024-07-20
TXN00000027,CUST00047,2024-05-27,Withdrawal,781.81,ACC0000000081,dallas,EMP0024,William SMITH,customer146@hotmail.com,3913555606,INACTIVE,Medium,,ATM,  USA  ,  NY  ,89423.93,559.0,2025-12-02
TXN00001044,CUST00387,2024-10-25,PAYMENT,4517.67,ACC0000000274,CHICAGO,EMP0068,MARIA BROWN,customer147@gmail.com,9852175317,SUSPENDED,high,Checking,ATM,canada,  NY  ,28681.76,670.0,2024-11-09
TXN00000235,CUST00025,2025-03-15,Payment,12310.34,ACC0000000113,Los Angeles,EMP0005,William Davis,customer148@hotmail.com,9173538031,SUSPENDED,High,SAVINGS,Online,United States,CA,63585.07,574.0,2025-09-11
TXN00000691,CUST00057,2024-01-02,,2649.32,ACC0000000070,  NEW YORK  ,EMP0044,JENNIFER MARTINEZ,customer149@yahoo.com,4035852688,Suspended,  HIGH  ,SAVINGS,ATM,United States,  NY  ,73555.89,348.0,2026-02-27
TXN00000857,CUST00079,2026/08/01,Payment,14283.84,ACC0000000201,,,james Davis,user150@gmail,(917) 847-9230,  Active  ,MEDIUM,SAVINGS,Online,United States,ny,42774.5,332.0,
TXN00000882,CUST00322,2025-09-21,Transfer,12826.29,ACC0000000280,  PHILADELPHIA  ,EMP0011,MARIA Williams,customer151@outlook.com,8252854091,inactive,Low,investment,atm,CANADA,  CA  ,37007.27,739.0,2024-07-12
TXN00000590,CUST00082,2024-12-27,withdrawal,8361.51,ACC0000000152,CHICAGO,EMP0019,JENNIFER   MILLER  ,customer152@outlook.com,8057443436,,Low,Loan,,  USA  ,FL,86812.58,560.0,2026-01-04
TXN00000602,CUST00349,2024-09-03,,8274.31,ACC0000000074,CHICAGO,EMP0077,michael BROWN,customer153@yahoo.com,4342233167,SUSPENDED,,investment,Mobile,usa,TX,78973.17,612.0,2024-08-18
TXN00000022,CUST00217,2025-08-07,TRANSFER,1466.14,ACC0000000153,Phoenix,EMP0020,William BROWN,customer154@outlook.com,6101395486,INACTIVE,  HIGH  ,credit card,mobile,canada,CA,84316.06,676.0,2025-08-04
TXN00000784,CUST00306,2025-03-02,Payment,1573.51,ACC0000000192,  PHILADELPHIA  ,EMP0064,michael   johnson  ,customer155@outlook.com,3962497984,ACTIVE,,Loan,  ONLINE  ,canada,,29515.23,592.0,2025-03-02
TXN00000689,CUST00033,2024-07-10,transfer,11917.46,ACC0000000006,dallas,EMP0097,JENNIFER   johnson  ,customer156@bank.com,2187314270,Inactive,MEDIUM,Checking,ATM,mexico,CA,50701.09,778.0,2024-12-18
TXN00000842,CUST00198,2025-11-11,deposit,1865.73,ACC0000000284,houston,EMP0053,  LINDA     johnson  ,customer157@gmail.com,2939851834,ACTIVE,,Loan,MOBILE,  Mexico  ,tx,31149.63,646.0,2024-01-09
TXN00000276,CUST00196,2025-11-15,transfer,971.95,ACC0000000285,houston,EMP0099,William Williams,customer158@hotmail.com,5895179601,INACTIVE,low,,BRANCH,  Mexico  ,CA,61823.87,449.0,2024-11-05
TXN00001023,CUST00306,2024-03-28,transfer,11725.35,ACC0000000073,Phoenix,EMP0050,  LINDA   GARCIA,customer159@yahoo.com,5138164791,Suspended,MEDIUM,  Checking  ,BRANCH,  Mexico  ,TX,12747.12,501.0,2025-10-24
TXN00000042,CUST00240,2025/06/20,deposit,,ACC0000000064,Phoenix,EMP0031,Robert rodriguez,USER160@YAHOO.COM,4274447980,SUSPENDED,Low,investment,,,NY,9214.81,,2025-09-11
TXN00000983,CUST00271,2025-01-04,Payment,3373.21,ACC0000000022,Los Angeles,EMP0085,  John     johnson  ,customer161@bank.com,6901629353,inactive,  HIGH  ,  Checking  ,MOBILE,mexico,NY,69624.84,378.0,2025-01-20
TXN00000775,CUST00129,2024-03-10,TRANSFER,3012.09,ACC0000000003,dallas,EMP0057,JENNIFER Davis,customer162@yahoo.com,6377591846,Inactive,  HIGH  ,Checking,  ONLINE  ,MEXICO,TX,98553.22,414.0,2024-06-20
TXN00000180,CUST00284,2025-06-22,withdrawal,6038.7,ACC0000000294,San Antonio,EMP0093,MARIA   MILLER  ,customer163@hotmail.com,5112125411,Suspended,Low,credit card,Online,usa,FL,3514.18,443.0,2025-04-09
TXN00000965,CUST00006,2025-07-11,,10309.96,ACC0000000202,dallas,EMP0082,Robert Davis,customer164@gmail.com,5723876751,ACTIVE,low,SAVINGS,,United States,FL,93324.88,498.0,2024-07-13
TXN00000532,CUST00349,03-06-2025,Payment,14066.74,ACC0000000276,houston,,elizabeth   jones  ,customer165@outlook.com,9285285046,active,,SAVINGS,ATM,  USA  ,,1619.5,457.0,2024-05-12
TXN00000668,CUST00370,2026-03-16,Withdrawal,1306.39,ACC0000000281,Los Angeles,EMP0022,  LINDA   BROWN,customer166@hotmail.com,5271483977,SUSPENDED,Low,SAVINGS,Online,,tx,4900.82,758.0,2026-05-16
TXN00000453,CUST00059,2025-06-03,TRANSFER,8812.48,ACC0000000044,  PHILADELPHIA  ,EMP0027,William   MILLER  ,customer167@hotmail.com,2411001854,inactive,Medium,investment,ATM,CANADA,FL,16438.37,592.0,2024-06-21
TXN00000285,CUST00350,2025-07-21,TRANSFER,13765.56,ACC0000000157,,EMP0074,Robert   MILLER  ,customer168@yahoo.com,8768626269,ACTIVE,,SAVINGS,  ONLINE  ,usa,  NY  ,31377.29,850.0,2025-01-29
TXN00000186,CUST00275,2024-01-21,Transfer,1171.06,ACC0000000108,CHICAGO,EMP0094,  PATRICIA     johnson  ,customer169@outlook.com,4173928734,inactive,  HIGH  ,credit card,Online,mexico,CA,64277.34,803.0,2024-05-17
TXN00000600,CUST00385,2025/02/03,,14957.56,ACC0000000177,,EMP0045,  LINDA   GARCIA,customer170@outlook.com,4867212650,Suspended,,credit card,mobile,USA,FL,59046.8,386.0,2025-03-20
TXN00000447,CUST00137,2026-06-13,transfer,3006.37,ACC0000000109,dallas,EMP0007,james SMITH,customer171@outlook.com,6412895133,active,MEDIUM,SAVINGS,Online,  Mexico  ,,87962.36,761.0,2026-05-04
TXN00000651,CUST00394,2025-04-26,withdrawal,9707.5,ACC0000000212,Los Angeles,EMP0083,  LINDA     johnson  ,customer172@bank.com,7034726476,SUSPENDED,MEDIUM,SAVINGS,atm,  Mexico  ,  CA  ,8202.07,748.0,2024-04-30
TXN00000834,CUST00329,2024-02-14,Withdrawal,12149.02,ACC0000000263,dallas,EMP0034,michael Davis,customer173@hotmail.com,5112142587,SUSPENDED,high,,BRANCH,  Mexico  ,  CA  ,24405.7,707.0,2024-03-31
TXN00000504,CUST00175,2025-10-12,,1425.08,ACC0000000073,Phoenix,EMP0097,William   johnson  ,customer174@hotmail.com,8851133134,  Active  ,low,SAVINGS,  ONLINE  ,  USA  ,ca,64622.4,511.0,2024-10-29
TXN00000902,CUST00058,2026-13-45,PAYMENT,12716.77,ACC0000000083,  NEW YORK  ,EMP0015,MARIA Williams,customer175@bank.com,5394696920,Suspended,MEDIUM,Loan,ATM,  Mexico  ,CA,,548.0,
TXN00000885,CUST00151,2025-01-31,Transfer,12142.86,ACC0000000095,dallas,EMP0007,michael   MILLER  ,customer176@gmail.com,9608979664,Inactive,high,MORTGAGE,atm,CANADA,ny,82755.93,600.0,2024-05-30
TXN00000357,CUST00223,2025-01-17,deposit,1881.79,ACC0000000114,San Antonio,EMP0022,elizabeth   johnson  ,customer177@bank.com,8194804903,Active,Medium,investment,mobile,USA,CA,99128.81,470.0,2024-09-18
TXN00000969,CUST00081,2024-09-16,Withdrawal,14137.1,ACC0000000130,Los Angeles,EMP0060,james   johnson  ,customer178@gmail.com,8653824441,INACTIVE,,credit card,ATM,mexico,ca,12457.62,801.0,2024-08-09
TXN00000342,CUST00233,2026-02-04,,807.03,ACC0000000100,  NEW YORK  ,EMP0052,JENNIFER BROWN,customer179@yahoo.com,7984932429,INACTIVE,Medium,Checking,  ONLINE  ,mexico,TX,33271.89,473.0,2026-03-15
TXN00000329,CUST00002,01-08-2026,deposit,$9248.90,ACC0000000059,  PHILADELPHIA  ,,JENNIFER BROWN,customer180@yahoo.com,,,high,Loan,  ONLINE  ,usa,ny,32420.31,331.0,2025-02-24
TXN00000687,CUST00370,2024-01-17,Withdrawal,6525.69,ACC0000000093,  PHILADELPHIA  ,EMP0061,elizabeth   MILLER  ,customer181@hotmail.com,3082332971,Inactive,High,MORTGAGE,BRANCH,MEXICO,,21626.05,496.0,2025-11-12
TXN00000108,CUST00369,2024-12-31,Withdrawal,10880.24,ACC0000000291,San Antonio,EMP0039,MARIA BROWN,customer182@bank.com,2427004120,Suspended,  HIGH  ,,atm,United States,ca,33073.68,688.0,2024-05-20
TXN00000165,CUST00135,2026-03-18,withdrawal,7467.09,ACC0000000028,San Antonio,EMP0061,michael Davis,customer183@bank.com,3978218303,Active,High,,Mobile,CANADA,,48572.39,473.0,2026-04-28
TXN00000338,CUST00257,2024-03-10,TRANSFER,5771.81,ACC0000000282,Los Angeles,EMP0096,Robert MARTINEZ,customer184@bank.com,3011769955,,low,,  Branch  ,CANADA,,52656.9,374.0,2026-01-26
TXN00000422,CUST00391,2024-12-19,Withdrawal,6428.63,ACC0000000237,houston,EMP0097,elizabeth   jones  ,customer185@bank.com,8334515939,inactive,MEDIUM,,Online,  Mexico  ,CA,63708.37,786.0,2024-12-17
TXN00000711,CUST00092,2024-09-03,withdrawal,5341.45,ACC0000000282,dallas,EMP0069,michael GARCIA,customer186@outlook.com,9425854309,INACTIVE,Medium,SAVINGS,Online,,ny,43142.6,662.0,2025-11-01
TXN00000508,CUST00260,2026-01-20,,13629.15,ACC0000000038,  NEW YORK  ,EMP0030,  LINDA   MARTINEZ,customer187@outlook.com,7468383517,inactive,MEDIUM,Checking,ATM,United States,ny,74077.36,312.0,2025-07-22
TXN00000924,CUST00055,2025-11-03,PAYMENT,4160.98,ACC0000000149,San Antonio,EMP0049,michael Davis,customer188@yahoo.com,2442304140,Suspended,  HIGH  ,  Checking  ,Mobile,  Mexico  ,  CA  ,68517.5,362.0,2025-12-13
TXN00000679,CUST00321,2025-10-05,Payment,6717.87,ACC0000000035,  NEW YORK  ,EMP0088,William   jones  ,customer189@outlook.com,6286635137,Suspended,  HIGH  ,Checking,atm,  Mexico  ,,29107.04,368.0,2024-11-24
TXN00000411,CUST00153,2024/04/16,Payment,2272.04,ACC0000000129,Phoenix,EMP0091,james Davis,customer190@gmail.com,9779736690,SUSPENDED,High,SAVINGS,  ONLINE  ,United States,tx,29151.93,696.0,2024-09-29
TXN00000876,CUST00328,2026-03-01,TRANSFER,9230.89,ACC0000000051,SAN DIEGO,EMP0050,MARIA   johnson  ,customer191@bank.com,5745592923,Suspended,low,investment,mobile,MEXICO,tx,52461.09,552.0,2025-11-20
TXN00000779,CUST00260,2025-08-18,withdrawal,9273.81,ACC0000000102,  NEW YORK  ,EMP0061,Robert Davis,customer192@outlook.com,6461698910,Suspended,Medium,SAVINGS,BRANCH,United States,NY,62073.95,342.0,2024-06-03
TXN00000564,CUST00312,2026-01-22,PAYMENT,9726.81,ACC0000000298,  PHILADELPHIA  ,EMP0034,  LINDA   BROWN,customer193@yahoo.com,6296369255,INACTIVE,low,Checking,  ONLINE  ,,,39196.74,561.0,2024-04-13
TXN00000038,CUST00102,2026-02-13,Transfer,7508.43,ACC0000000250,SAN DIEGO,EMP0019,james SMITH,customer194@outlook.com,2222705491,Active,  HIGH  ,credit card,,  USA  ,NY,62376.26,636.0,2025-11-26
TXN00000466,CUST00079,06-12-2024,,13247.54,ACC0000000170,dallas,,MARIA SMITH,customer195@gmail.com,9132325745,INACTIVE,Medium,,,mexico,TX,71957.01,499.0,2025-06-11
TXN00000091,CUST00192,2024-05-16,Withdrawal,7211.51,ACC0000000183,CHICAGO,EMP0068,MARIA Davis,customer196@hotmail.com,2466791996,SUSPENDED,  HIGH  ,MORTGAGE,ATM,  USA  ,NY,15263.17,333.0,2026-05-20
TXN00000323,CUST00391,2024-02-15,Withdrawal,1361.44,ACC0000000066,  PHILADELPHIA  ,EMP0056,  John   Williams,customer197@bank.com,9102947512,Inactive,low,Checking,ATM,,,96346.43,695.0,2025-06-09
TXN00001041,CUST00083,2024-12-26,,5776.08,ACC0000000121,SAN DIEGO,EMP0002,michael MARTINEZ,customer198@outlook.com,7068019723,inactive,low,MORTGAGE,atm,mexico,ca,69345.71,535.0,2025-10-13
TXN00000332,CUST00277,2025-07-13,,6317.56,ACC0000000052,houston,EMP0037,JENNIFER Williams,customer199@hotmail.com,7251763711,Active,Low,  Checking  ,,,TX,93728.66,632.0,2024-02-10
TXN00000119,CUST00399,,withdrawal,-3248.997375628332,ACC0000000146,CHICAGO,EMP0058,Robert MARTINEZ,user200@gmail,(648) 868-9344,INACTIVE,high,SAVINGS,atm,  Mexico  ,ny,42884.16,,
TXN00000792,CUST00272,2024-12-12,Withdrawal,11968.11,ACC0000000036,  NEW YORK  ,EMP0049,elizabeth   johnson  ,customer201@gmail.com,5936757393,SUSPENDED,high,  Checking  ,,usa,NY,89988.01,815.0,2025-06-30
TXN00000414,CUST00001,2026-04-13,Payment,3774.76,ACC0000000100,San Antonio,EMP0087,MARIA rodriguez,customer202@yahoo.com,6107215448,Suspended,low,Loan,mobile,usa,  CA  ,79093.94,448.0,2026-01-22
TXN00000527,CUST00307,2025-10-20,TRANSFER,14911.6,ACC0000000163,,EMP0041,  LINDA   Davis,customer203@gmail.com,4112881058,Inactive,Low,SAVINGS,ATM,usa,ca,72216.72,573.0,2025-05-19
TXN00000926,CUST00166,2024-06-28,Payment,8177.67,ACC0000000249,dallas,EMP0068,  PATRICIA     jones  ,customer204@bank.com,3636854568,  Active  ,High,MORTGAGE,Mobile,usa,  CA  ,29974.15,534.0,2025-08-31
TXN00000002,CUST00251,2026-04-30,deposit,341.97,ACC0000000231,dallas,EMP0088,  LINDA   Davis,customer205@yahoo.com,8068131145,active,Medium,credit card,ATM,USA,TX,41914.67,638.0,2025-12-04
TXN00000674,CUST00010,2026-03-08,DEPOSIT,5768.35,ACC0000000169,SAN DIEGO,EMP0006,William   jones  ,customer206@gmail.com,7255669254,,Medium,credit card,  ONLINE  ,  USA  ,FL,74943.11,535.0,2025-09-24
TXN00000556,CUST00058,2025-12-02,PAYMENT,10714.89,ACC0000000157,Los Angeles,EMP0013,William GARCIA,customer207@bank.com,9248379602,Inactive,low,SAVINGS,Online,canada,ny,13843.92,612.0,2024-04-10
TXN00000474,CUST00186,2025-04-20,deposit,7221.28,ACC0000000300,houston,EMP0069,William rodriguez,customer208@outlook.com,4654104609,ACTIVE,low,credit card,Online,  Mexico  ,  CA  ,84750.36,312.0,2026-01-27
TXN00000424,CUST00158,2025-12-13,DEPOSIT,11732.45,ACC0000000079,San Antonio,EMP0082,  John   SMITH,customer209@gmail.com,5038255399,  Active  ,high,investment,atm,CANADA,,98494.21,336.0,2025-09-29
TXN00000056,CUST00123,01-08-2026,,5193.31,  ACC0000000290  ,Phoenix,,michael   johnson  ,,765-221-3803,  Active  ,low,  Checking  ,BRANCH,usa,FL,,406.0,2025-02-21
TXN00000193,CUST00030,2025-05-05,Payment,8506.48,ACC0000000291,San Antonio,EMP0046,michael Davis,customer211@yahoo.com,4291469741,inactive,  HIGH  ,SAVINGS,Online,  USA  ,ny,70664.75,827.0,2024-05-31
TXN00000531,CUST00124,2025-10-08,Transfer,4857.99,ACC0000000187,CHICAGO,EMP0056,JENNIFER   MILLER  ,customer212@yahoo.com,4433981640,active,  HIGH  ,  Checking  ,ATM,USA,TX,92004.87,370.0,2025-10-16
TXN00000371,CUST00291,2024-07-05,TRANSFER,4093.01,ACC0000000162,CHICAGO,EMP0079,  LINDA   Davis,customer213@gmail.com,8542515550,  Active  ,low,  Checking  ,Online,USA,ny,29503.41,705.0,2024-09-02
TXN00000638,CUST00041,2026-04-10,Withdrawal,439.64,ACC0000000220,  PHILADELPHIA  ,EMP0084,  John   SMITH,customer214@outlook.com,3363761844,,high,MORTGAGE,BRANCH,CANADA,  CA  ,95020.61,751.0,2026-01-11
TXN00000887,CUST00044,2024-05-18,transfer,8976.89,ACC0000000087,Los Angeles,EMP0035,james rodriguez,customer215@hotmail.com,8573544440,Active,high,,BRANCH,  USA  ,CA,7889.73,785.0,2024-11-14
TXN00000511,CUST00375,2024-03-05,transfer,488.09,ACC0000000003,,EMP0043,Robert Williams,customer216@yahoo.com,7472181022,Active,high,Loan,atm,USA,NY,22625.43,817.0,2026-04-20
TXN00000948,CUST00249,2026-01-03,Transfer,12169.81,ACC0000000161,dallas,EMP0035,  LINDA     MILLER  ,customer217@yahoo.com,8644557047,Suspended,low,investment,ATM,  USA  ,TX,81543.16,593.0,2025-12-29
TXN00000898,CUST00036,2026-03-05,DEPOSIT,4249.94,ACC0000000127,  NEW YORK  ,EMP0035,james   jones  ,customer218@hotmail.com,5321859999,ACTIVE,,SAVINGS,ATM,MEXICO,  CA  ,71049.01,826.0,2024-03-27
TXN00000899,CUST00390,2025-04-13,Payment,12139.38,ACC0000000114,SAN DIEGO,EMP0013,michael Davis,customer219@bank.com,4708393189,inactive,low,  Checking  ,Mobile,mexico,  NY  ,80965.19,368.0,2025-11-04
TXN00000053,CUST00273,2024/02/07,transfer,7101.68,ACC0000000224,San Antonio,EMP0033,MARIA MARTINEZ,customer220@gmail.com,6187265831,inactive,High,,,mexico,,11480.26,735.0,2025-09-07
TXN00000209,CUST00393,2024-10-27,,5393.62,ACC0000000142,Phoenix,EMP0084,  LINDA   rodriguez,customer221@outlook.com,5321581170,,Low,SAVINGS,  Branch  ,,TX,14238.85,653.0,2025-08-07
TXN00000274,CUST00065,2024-07-25,Payment,8780.63,ACC0000000185,Los Angeles,EMP0075,William MARTINEZ,customer222@gmail.com,5643245582,ACTIVE,High,SAVINGS,atm,usa,NY,83797.53,476.0,2025-11-30
TXN00000563,CUST00066,2024-02-14,PAYMENT,3529.79,ACC0000000069,San Antonio,EMP0051,  LINDA   Davis,customer223@hotmail.com,3803621256,Active,low,credit card,BRANCH,USA,ca,13503.25,585.0,2025-01-24
TXN00000135,CUST00338,2026-03-21,Payment,2436.39,ACC0000000170,SAN DIEGO,EMP0060,William Williams,customer224@bank.com,7507732743,,high,SAVINGS,ATM,  USA  ,ny,61051.34,560.0,2024-09-26
TXN00000295,CUST00244,2026-13-45,deposit,3755.46,ACC0000000246,San Antonio,,William SMITH,customer225@gmail.com,9398637258,Inactive,Low,investment,Online,MEXICO,ny,87987.74,560.0,
TXN00000912,CUST00282,2024-07-23,TRANSFER,3655.23,ACC0000000237,CHICAGO,EMP0099,michael   jones  ,customer226@yahoo.com,8693634377,inactive,low,  Checking  ,MOBILE,mexico,ca,64869.64,668.0,2024-08-13
TXN00000716,CUST00085,2024-02-12,Transfer,8028.66,ACC0000000229,CHICAGO,EMP0087,  LINDA   MARTINEZ,customer227@hotmail.com,6523256312,,Medium,Loan,  ONLINE  ,usa,tx,63064.28,567.0,2024-07-24
TXN00000497,CUST00136,2024-11-19,Payment,11879.0,ACC0000000184,,EMP0096,michael MARTINEZ,customer228@outlook.com,4753087479,Inactive,,SAVINGS,Mobile,USA,CA,62782.72,568.0,2025-07-27
TXN00000125,CUST00271,2024-11-13,Payment,11069.05,ACC0000000157,SAN DIEGO,EMP0031,JENNIFER   jones  ,customer229@outlook.com,3595564796,active,  HIGH  ,Checking,MOBILE,,TX,6839.46,737.0,2024-12-12
TXN00000030,CUST00311,2025/06/11,DEPOSIT,11472.54,ACC0000000250,houston,EMP0094,JENNIFER SMITH,customer230@yahoo.com,9478438109,,high,credit card,atm,usa,ny,74091.35,354.0,2026-04-04
TXN00000646,CUST00217,2025-02-11,PAYMENT,14219.65,ACC0000000283,,EMP0087,  John   MARTINEZ,customer231@gmail.com,5772518848,Suspended,Medium,Loan,atm,USA,TX,88662.73,844.0,2024-09-02
TXN00000624,CUST00109,2026-04-14,Payment,8656.6,ACC0000000056,San Antonio,EMP0076,  John   Williams,customer232@yahoo.com,2956073973,Inactive,high,investment,  Branch  ,,  CA  ,52439.47,515.0,2024-05-17
TXN00000975,CUST00277,2025-07-10,transfer,14740.84,ACC0000000090,dallas,EMP0099,JENNIFER GARCIA,customer233@bank.com,6702893885,INACTIVE,Medium,SAVINGS,mobile,USA,  NY  ,42121.43,847.0,2026-01-07
TXN00000727,CUST00387,2025-04-29,Payment,5856.92,ACC0000000042,houston,EMP0025,elizabeth SMITH,customer234@outlook.com,3936839036,active,Medium,Loan,MOBILE,United States,  NY  ,49464.25,670.0,2024-10-15
TXN00000163,CUST00374,2024-09-16,Withdrawal,14031.33,ACC0000000144,SAN DIEGO,EMP0067,JENNIFER   MILLER  ,customer235@outlook.com,9462845621,inactive,,Checking,MOBILE,  USA  ,ny,21191.75,367.0,2025-04-16
TXN00000319,CUST00354,2024-02-07,Payment,14873.55,ACC0000000072,dallas,EMP0044,MARIA   MILLER  ,customer236@gmail.com,2214173669,inactive,  HIGH  ,Loan,  Branch  ,  Mexico  ,CA,55721.85,786.0,2024-07-10
TXN00000565,CUST00103,2026-02-10,,2646.99,ACC0000000276,SAN DIEGO,EMP0087,JENNIFER GARCIA,customer237@outlook.com,3819377458,Suspended,high,credit card,  Branch  ,CANADA,  CA  ,35155.7,522.0,2025-01-09
TXN00000015,CUST00366,2025-10-24,deposit,3586.44,ACC0000000101,houston,EMP0089,michael GARCIA,customer238@yahoo.com,9037224077,Inactive,  HIGH  ,credit card,mobile,usa,TX,53718.8,761.0,2025-11-13
TXN00000973,CUST00160,2024-07-14,TRANSFER,4804.17,ACC0000000135,houston,EMP0024,  John   BROWN,customer239@yahoo.com,2712462180,,high,  Checking  ,MOBILE,MEXICO,NY,76926.57,409.0,2024-02-28
TXN00000418,CUST00205,01-08-2026,Withdrawal,,ACC0000000040,Los Angeles,,  PATRICIA   BROWN,USER240@YAHOO.COM,6363518455,Inactive,  HIGH  ,  Checking  ,MOBILE,,  NY  ,40998.51,,2025-01-08
TXN00000096,CUST00344,2024-10-19,PAYMENT,11084.67,ACC0000000039,Phoenix,EMP0041,Robert MARTINEZ,customer241@yahoo.com,8605122642,Active,,,,MEXICO,  NY  ,70910.5,315.0,2025-06-28
TXN00000940,CUST00333,2024-12-31,,5413.81,ACC0000000010,San Antonio,EMP0071,MARIA   johnson  ,customer242@hotmail.com,9416393249,Active,Low,Loan,mobile,,,66850.57,628.0,2024-08-29
TXN00000117,CUST00192,2026-06-01,deposit,8893.86,ACC0000000260,  PHILADELPHIA  ,EMP0002,Robert   johnson  ,customer243@outlook.com,9448681193,Active,MEDIUM,SAVINGS,Mobile,canada,  CA  ,18517.18,546.0,2024-08-18
TXN00000473,CUST00225,2026-03-10,TRANSFER,10566.62,ACC0000000016,dallas,EMP0087,JENNIFER Williams,customer244@outlook.com,8172027191,,Medium,MORTGAGE,,usa,ny,18885.85,426.0,2024-09-08
TXN00000121,CUST00265,2024-02-18,TRANSFER,5307.65,ACC0000000298,Los Angeles,EMP0002,  John   rodriguez,customer245@yahoo.com,5931212802,ACTIVE,High,  Checking  ,MOBILE,,NY,,450.0,2024-09-23
TXN00000939,CUST00232,2026-06-05,deposit,8536.39,ACC0000000297,Los Angeles,EMP0009,JENNIFER SMITH,customer246@bank.com,2138811716,,low,Loan,atm,MEXICO,CA,35658.68,849.0,2024-07-26
TXN00000158,CUST00062,2025-11-02,,2174.43,ACC0000000208,San Antonio,EMP0002,  LINDA     MILLER  ,customer247@bank.com,3353542369,Suspended,High,investment,MOBILE,  USA  ,ca,46961.88,767.0,2026-04-14
TXN00000833,CUST00127,2024-12-05,PAYMENT,14228.11,ACC0000000109,San Antonio,EMP0053,elizabeth rodriguez,customer248@hotmail.com,4742461221,SUSPENDED,High,credit card,Online,usa,tx,26773.73,814.0,2024-02-05
TXN00000734,CUST00116,2024-10-06,PAYMENT,12558.62,ACC0000000019,  PHILADELPHIA  ,EMP0013,michael   jones  ,customer249@bank.com,2099102742,Active,high,,mobile,CANADA,TX,97356.31,824.0,2026-04-08
TXN00000964,CUST00033,2026/08/01,DEPOSIT,12165.5,ACC0000000283,  PHILADELPHIA  ,EMP0068,  John   Davis,user250@gmail,(755) 853-6544,active,low,Loan,atm,,ny,56642.09,561.0,
TXN00000522,CUST00174,2024-05-07,PAYMENT,14557.3,ACC0000000134,houston,EMP0014,elizabeth SMITH,customer251@yahoo.com,9241874314,INACTIVE,MEDIUM,investment,  Branch  ,MEXICO,TX,27297.4,695.0,2025-12-07
TXN00000723,CUST00011,2026-03-29,deposit,8154.76,ACC0000000279,  PHILADELPHIA  ,EMP0088,JENNIFER   MILLER  ,customer252@bank.com,3425918279,INACTIVE,High,,,  USA  ,ny,14431.0,735.0,2024-09-03
TXN00000280,CUST00302,2025-01-11,Payment,2674.57,ACC0000000277,  PHILADELPHIA  ,EMP0058,elizabeth   MILLER  ,customer253@outlook.com,3674146435,Active,Medium,  Checking  ,MOBILE,canada,ny,16320.74,840.0,2024-03-20
TXN00000426,CUST00284,2025-03-23,deposit,617.56,ACC0000000242,dallas,EMP0045,JENNIFER MARTINEZ,customer254@hotmail.com,6902584994,Inactive,  HIGH  ,credit card,,usa,,57550.66,826.0,2024-03-21
TXN00000495,CUST00118,13-02-2025,deposit,889.71,ACC0000000077,  NEW YORK  ,,MARIA Davis,customer255@yahoo.com,2576565382,Inactive,  HIGH  ,credit card,  ONLINE  ,CANADA,FL,4236.68,458.0,2025-12-24
TXN00000484,CUST00302,2026-01-31,Withdrawal,9044.86,ACC0000000188,Phoenix,EMP0029,MARIA BROWN,customer256@gmail.com,8426563016,Active,Low,credit card,Mobile,,,15102.13,362.0,2026-05-04
TXN00000250,CUST00113,2025-03-26,Transfer,347.92,ACC0000000201,CHICAGO,EMP0093,JENNIFER Davis,customer257@yahoo.com,2219441729,INACTIVE,High,Loan,Online,United States,,9933.17,613.0,2025-01-09
TXN00000468,CUST00004,2025-01-30,transfer,7195.94,ACC0000000115,  PHILADELPHIA  ,EMP0037,William GARCIA,customer258@outlook.com,3056575861,ACTIVE,High,credit card,mobile,MEXICO,CA,81850.13,622.0,2026-05-18
TXN00000930,CUST00037,2024-12-13,Payment,5009.42,ACC0000000149,dallas,EMP0033,james MARTINEZ,customer259@gmail.com,3056237804,Suspended,Medium,MORTGAGE,MOBILE,USA,NY,85633.04,792.0,2025-11-15
TXN00000149,CUST00363,2024/07/10,withdrawal,9231.31,ACC0000000069,,EMP0025,Robert GARCIA,customer260@outlook.com,3451014675,Suspended,Low,,MOBILE,  Mexico  ,ca,74448.23,436.0,2025-06-25
TXN00000393,CUST00324,2025-05-23,Transfer,12106.36,ACC0000000238,dallas,EMP0005,michael BROWN,customer261@bank.com,2243327998,active,,credit card,atm,mexico,  NY  ,38858.87,790.0,2025-05-26
TXN00000196,CUST00031,2025-12-09,TRANSFER,5144.35,ACC0000000257,CHICAGO,EMP0004,  LINDA     johnson  ,customer262@yahoo.com,5942506788,INACTIVE,MEDIUM,MORTGAGE,atm,  USA  ,NY,66110.11,407.0,2025-02-19
TXN00000614,CUST00118,2025-05-24,,2703.03,ACC0000000262,,EMP0080,William BROWN,customer263@bank.com,8713934700,ACTIVE,Medium,Loan,  Branch  ,CANADA,,24867.81,580.0,2024-01-29
TXN00000521,CUST00035,2025-01-11,transfer,12046.25,ACC0000000047,  NEW YORK  ,EMP0012,Robert   jones  ,customer264@hotmail.com,9004932841,ACTIVE,MEDIUM,MORTGAGE,mobile,CANADA,,11122.74,760.0,2025-01-17
TXN00000765,CUST00017,2026-03-27,transfer,13029.85,ACC0000000204,houston,EMP0008,  John     jones  ,customer265@bank.com,7032732804,ACTIVE,low,,ATM,mexico,,6256.55,440.0,2026-01-06
TXN00000140,CUST00170,2025-06-15,Withdrawal,940.36,ACC0000000187,houston,EMP0077,elizabeth   MILLER  ,customer266@outlook.com,4292045617,,MEDIUM,  Checking  ,MOBILE,canada,  CA  ,87034.01,559.0,2024-09-30
TXN00000072,CUST00037,2024-09-30,TRANSFER,2258.29,ACC0000000258,  PHILADELPHIA  ,EMP0085,  PATRICIA   MARTINEZ,customer267@outlook.com,5651786467,Suspended,Low,,  Branch  ,MEXICO,ny,72110.62,685.0,2025-01-13
TXN00000283,CUST00264,2026-03-31,withdrawal,10585.21,ACC0000000006,CHICAGO,EMP0028,MARIA MARTINEZ,customer268@outlook.com,3214692389,Active,  HIGH  ,,mobile,MEXICO,  NY  ,96074.71,538.0,2026-06-03
TXN00000425,CUST00122,2024-03-25,Payment,2167.71,ACC0000000123,Los Angeles,EMP0077,MARIA MARTINEZ,customer269@bank.com,2447193475,Active,High,,Mobile,  Mexico  ,  CA  ,64896.61,337.0,2025-04-23
TXN00000349,CUST00143,01-08-2026,deposit,1708.26,  ACC0000000085  ,Los Angeles,,JENNIFER   jones  ,customer270@gmail.com,,,High,MORTGAGE,MOBILE,  Mexico  ,tx,18379.35,391.0,2026-03-08
TXN00000520,CUST00343,2026-01-14,Payment,7918.11,ACC0000000264,  NEW YORK  ,EMP0082,MARIA MARTINEZ,customer271@gmail.com,3825389691,  Active  ,low,Loan,  Branch  ,United States,FL,46259.51,690.0,2026-01-15
TXN00000827,CUST00249,2025-03-10,Withdrawal,5505.1,ACC0000000072,houston,EMP0016,William Davis,customer272@hotmail.com,5427143971,active,high,Checking,mobile,MEXICO,CA,22291.78,558.0,2025-02-03
TXN00000970,CUST00110,2024-03-21,transfer,1134.35,ACC0000000229,dallas,EMP0091,michael BROWN,customer273@outlook.com,8955353461,ACTIVE,High,MORTGAGE,Mobile,mexico,  NY  ,44846.93,479.0,2025-12-07
TXN00000959,CUST00277,2025-03-16,Payment,10582.84,ACC0000000082,CHICAGO,EMP0016,JENNIFER   johnson  ,customer274@hotmail.com,8838035940,  Active  ,High,credit card,mobile,United States,CA,72002.24,574.0,2025-07-31
TXN00000744,CUST00068,2026-13-45,PAYMENT,9948.99,ACC0000000092,Phoenix,EMP0012,Robert rodriguez,customer275@hotmail.com,8399375702,Suspended,  HIGH  ,  Checking  ,BRANCH,United States,ny,22509.72,435.0,
TXN00000306,CUST00371,2025-09-08,,8810.95,ACC0000000290,  NEW YORK  ,EMP0078,Robert   MILLER  ,customer276@outlook.com,5569962702,Inactive,high,,,CANADA,CA,56884.0,508.0,2025-11-22
TXN00000896,CUST00293,2026-04-22,deposit,5081.59,ACC0000000290,  PHILADELPHIA  ,EMP0017,William GARCIA,customer277@bank.com,4776117047,  Active  ,Low,  Checking  ,  ONLINE  ,  USA  ,ny,58672.89,531.0,2024-10-02
TXN00000594,CUST00296,2024-07-03,TRANSFER,4872.92,ACC0000000075,Los Angeles,EMP0049,  PATRICIA     MILLER  ,customer278@yahoo.com,4719302251,INACTIVE,low,Checking,,  USA  ,NY,19428.7,760.0,2025-05-26
TXN00000676,CUST00243,2025-07-12,PAYMENT,14639.12,ACC0000000248,Phoenix,EMP0085,michael   jones  ,customer279@outlook.com,2029823435,inactive,low,credit card,  ONLINE  ,USA,NY,83948.24,466.0,2024-12-04
TXN00000502,CUST00125,2024/10/27,PAYMENT,-3688.52492458074,ACC0000000184,,EMP0098,elizabeth rodriguez,,996-771-3401,Suspended,MEDIUM,Loan,  Branch  ,usa,NY,,,2026-03-26
TXN00000938,CUST00243,2024-11-24,PAYMENT,6581.18,ACC0000000021,,EMP0083,  LINDA   rodriguez,customer281@yahoo.com,5272517399,,High,SAVINGS,  Branch  ,USA,NY,3897.39,833.0,2025-04-09
TXN00000458,CUST00209,2024-04-15,withdrawal,9607.03,ACC0000000113,  NEW YORK  ,EMP0073,james SMITH,customer282@yahoo.com,6578388838,Active,MEDIUM,SAVINGS,ATM,,  NY  ,18997.14,541.0,2025-02-15
TXN00000552,CUST00098,2024-03-22,deposit,7333.64,ACC0000000250,  PHILADELPHIA  ,EMP0024,William Williams,customer283@bank.com,2682158003,INACTIVE,high,SAVINGS,  Branch  ,usa,NY,16363.97,543.0,2025-08-23
TXN00000496,CUST00049,2024-12-01,withdrawal,4793.39,ACC0000000119,houston,EMP0015,elizabeth Davis,customer284@outlook.com,9443853370,INACTIVE,low,credit card,  ONLINE  ,  USA  ,,95564.09,405.0,2025-12-30
TXN00000354,CUST00050,07-11-2025,withdrawal,10622.38,ACC0000000033,SAN DIEGO,,  PATRICIA   Davis,customer285@outlook.com,2924303089,SUSPENDED,Low,Checking,Mobile,usa,ny,91054.51,454.0,2026-01-07
TXN00000341,CUST00338,2024-10-29,,8451.56,ACC0000000136,houston,EMP0090,Robert rodriguez,customer286@outlook.com,3868857308,Inactive,High,SAVINGS,ATM,CANADA,FL,22195.75,415.0,2026-03-27
TXN00001005,CUST00221,2024-11-09,PAYMENT,13349.52,ACC0000000190,houston,EMP0024,elizabeth   MILLER  ,customer287@yahoo.com,5614269097,ACTIVE,High,credit card,Online,  USA  ,  NY  ,41782.09,811.0,2024-10-01
TXN00000557,CUST00182,2025-04-01,withdrawal,9224.95,ACC0000000120,SAN DIEGO,EMP0033,elizabeth SMITH,customer288@bank.com,6345927782,INACTIVE,High,SAVINGS,  Branch  ,  USA  ,ca,17948.07,330.0,2026-01-09
TXN00000387,CUST00217,2025-09-09,,5384.54,ACC0000000022,SAN DIEGO,EMP0038,William BROWN,customer289@gmail.com,8169126463,  Active  ,  HIGH  ,investment,mobile,usa,TX,10980.19,701.0,2026-03-01
TXN00000467,CUST00211,2026/01/04,Transfer,9999.7,ACC0000000106,Phoenix,EMP0060,JENNIFER Davis,customer290@outlook.com,3419215028,SUSPENDED,  HIGH  ,credit card,BRANCH,MEXICO,NY,43282.91,460.0,2025-10-12
TXN00000330,CUST00240,2025-03-12,,12226.09,ACC0000000266,SAN DIEGO,EMP0085,james BROWN,customer291@gmail.com,5925289144,Suspended,MEDIUM,MORTGAGE,MOBILE,mexico,  CA  ,33368.52,515.0,2024-12-09
TXN00000194,CUST00374,2024-06-19,Transfer,5706.84,ACC0000000185,,EMP0010,james   jones  ,customer292@yahoo.com,7516469070,INACTIVE,Low,,atm,mexico,ca,85532.88,476.0,2024-07-23
TXN00000715,CUST00028,2025-12-07,DEPOSIT,11023.22,ACC0000000199,dallas,EMP0082,michael   MILLER  ,customer293@yahoo.com,7456494770,Suspended,Medium,MORTGAGE,  ONLINE  ,,ca,8460.92,829.0,2025-01-04
TXN00000245,CUST00345,2025-03-30,Transfer,4453.03,ACC0000000241,CHICAGO,EMP0059,JENNIFER   johnson  ,customer294@hotmail.com,5931857911,ACTIVE,MEDIUM,SAVINGS,MOBILE,United States,ca,31016.66,827.0,2024-09-02
TXN00000586,CUST00335,2024-12-25,Transfer,2706.74,ACC0000000233,  NEW YORK  ,EMP0036,  PATRICIA     MILLER  ,customer295@bank.com,7396914593,Inactive,High,MORTGAGE,MOBILE,CANADA,FL,55760.5,350.0,2025-03-23
TXN00000788,CUST00331,2025-04-02,Withdrawal,76.88,ACC0000000024,San Antonio,EMP0099,Robert   jones  ,customer296@hotmail.com,9191894853,Suspended,  HIGH  ,MORTGAGE,  Branch  ,  Mexico  ,tx,15243.42,517.0,2025-01-14
TXN00000953,CUST00051,2024-02-13,withdrawal,10545.03,ACC0000000021,dallas,EMP0055,james   jones  ,customer297@gmail.com,5701024330,,MEDIUM,credit card,,  Mexico  ,,89773.95,471.0,2025-07-31
TXN00000421,CUST00032,2026-01-14,Payment,8613.88,ACC0000000166,SAN DIEGO,EMP0089,elizabeth BROWN,customer298@yahoo.com,2174718764,INACTIVE,  HIGH  ,MORTGAGE,  Branch  ,usa,tx,33185.15,449.0,2025-04-28
TXN00000045,CUST00207,2026-06-09,DEPOSIT,12768.82,ACC0000000053,  NEW YORK  ,EMP0086,michael BROWN,customer299@outlook.com,3362121976,SUSPENDED,MEDIUM,SAVINGS,,canada,ca,37005.54,424.0,2026-05-27
TXN00000326,CUST00373,,withdrawal,$7731.22,ACC0000000267,Phoenix,,MARIA Williams,user300@gmail,(557) 469-3283,INACTIVE,  HIGH  ,SAVINGS,BRANCH,,,96451.0,345.0,
TXN00000485,CUST00174,2024-12-27,Transfer,8533.87,ACC0000000141,CHICAGO,EMP0099,  PATRICIA   SMITH,customer301@outlook.com,5015713361,,High,,Mobile,MEXICO,CA,79145.82,419.0,2024-10-04
TXN00000797,CUST00056,2025-09-21,Payment,2772.12,ACC0000000135,  NEW YORK  ,EMP0099,  PATRICIA     jones  ,customer302@bank.com,7645314973,,MEDIUM,Loan,MOBILE,United States,FL,85714.2,315.0,2025-02-06
TXN00000391,CUST00128,2025-03-21,,4807.34,ACC0000000297,Phoenix,EMP0042,  LINDA   Davis,customer303@gmail.com,4159474679,Inactive,High,SAVINGS,,CANADA,NY,54476.19,489.0,2025-01-30
TXN00000396,CUST00099,2024-10-08,PAYMENT,12141.66,ACC0000000279,houston,EMP0033,William   MILLER  ,customer304@hotmail.com,2578643257,Suspended,  HIGH  ,SAVINGS,  ONLINE  ,USA,NY,32700.17,535.0,2026-01-15
TXN00000680,CUST00098,2025-10-16,deposit,9190.15,ACC0000000292,dallas,EMP0021,michael SMITH,customer305@gmail.com,3208123344,Active,low,Checking,BRANCH,mexico,FL,94029.92,479.0,2025-08-31
TXN00000883,CUST00275,2026-03-21,Transfer,9612.72,ACC0000000090,Phoenix,EMP0100,  PATRICIA   Williams,customer306@gmail.com,5868501431,SUSPENDED,Low,Loan,atm,  USA  ,ca,27411.05,302.0,2026-03-06
TXN00001019,CUST00230,2024-02-28,transfer,1606.45,ACC0000000193,  NEW YORK  ,EMP0010,Robert Williams,customer307@bank.com,9125347089,Suspended,,credit card,mobile,  Mexico  ,NY,13093.5,316.0,2025-05-29
TXN00000862,CUST00072,2024-03-17,transfer,7467.97,ACC0000000194,,EMP0036,  John     jones  ,customer308@hotmail.com,2558182736,inactive,MEDIUM,SAVINGS,BRANCH,United States,tx,72753.82,364.0,2025-01-26
TXN00000855,CUST00217,2025-11-18,PAYMENT,5000.97,ACC0000000188,  NEW YORK  ,EMP0100,Robert rodriguez,customer309@outlook.com,8786952208,,  HIGH  ,  Checking  ,ATM,mexico,NY,46839.72,834.0,2026-04-06
TXN00000130,CUST00094,2025/10/14,PAYMENT,1213.21,ACC0000000040,Los Angeles,EMP0008,james SMITH,customer310@outlook.com,6889573591,ACTIVE,High,Checking,  Branch  ,usa,  CA  ,74622.34,695.0,2024-03-06
TXN00000515,CUST00143,2025-02-19,Transfer,5234.81,ACC0000000265,San Antonio,EMP0049,  LINDA   SMITH,customer311@yahoo.com,2302506984,SUSPENDED,  HIGH  ,Checking,  ONLINE  ,USA,TX,49817.08,772.0,2025-03-17
TXN00000605,CUST00237,2025-01-07,Transfer,4826.8,ACC0000000129,Phoenix,EMP0050,  John     johnson  ,customer312@hotmail.com,3441805014,Inactive,Low,SAVINGS,atm,USA,  NY  ,16994.61,744.0,2024-08-01
TXN00000340,CUST00128,2025-06-09,,9560.99,ACC0000000193,  PHILADELPHIA  ,EMP0043,JENNIFER MARTINEZ,customer313@yahoo.com,2781127823,  Active  ,low,SAVINGS,mobile,MEXICO,NY,39915.1,688.0,2024-10-14
TXN00000103,CUST00039,2026-03-31,,14448.04,ACC0000000115,Los Angeles,EMP0008,Robert   johnson  ,customer314@bank.com,3538833988,Active,,Loan,  ONLINE  ,  Mexico  ,CA,25466.4,417.0,2024-05-09
TXN00000451,CUST00227,06-02-2026,Withdrawal,12333.84,ACC0000000265,  NEW YORK  ,,michael GARCIA,customer315@gmail.com,6818613295,Suspended,low,  Checking  ,Online,  USA  ,TX,,346.0,2024-03-21
TXN00000735,CUST00282,2025-11-26,Transfer,10066.87,ACC0000000208,Phoenix,EMP0034,MARIA   MILLER  ,customer316@outlook.com,9666405907,Inactive,  HIGH  ,,BRANCH,CANADA,CA,2936.47,330.0,2024-06-30
TXN00000539,CUST00051,2024-06-12,Transfer,10952.82,ACC0000000181,San Antonio,EMP0034,james BROWN,customer317@gmail.com,6815216526,SUSPENDED,high,credit card,,CANADA,ca,33929.79,820.0,2024-12-17
TXN00000791,CUST00026,2024-02-01,,5069.45,ACC0000000177,houston,EMP0023,MARIA MARTINEZ,customer318@gmail.com,6549001216,inactive,Medium,SAVINGS,Online,  Mexico  ,ca,86677.88,792.0,2024-10-19
TXN00000016,CUST00334,2024-05-26,TRANSFER,220.36,ACC0000000250,San Antonio,EMP0057,William   johnson  ,customer319@outlook.com,4932133554,SUSPENDED,  HIGH  ,SAVINGS,BRANCH,mexico,FL,58183.28,695.0,2025-01-13
TXN00000148,CUST00277,2026/05/19,,,ACC0000000247,SAN DIEGO,EMP0009,William MARTINEZ,USER320@YAHOO.COM,2617571526,  Active  ,low,Loan,  Branch  ,CANADA,,95354.66,,2024-01-23
TXN00000420,CUST00008,2025-09-14,TRANSFER,3184.78,ACC0000000004,Los Angeles,EMP0063,William   jones  ,customer321@outlook.com,8188693843,ACTIVE,low,,  ONLINE  ,  USA  ,tx,50313.62,424.0,2025-07-02
TXN00000671,CUST00048,2025-11-25,Transfer,10412.98,ACC0000000257,  PHILADELPHIA  ,EMP0026,  LINDA     johnson  ,customer322@hotmail.com,7152641178,INACTIVE,low,credit card,BRANCH,mexico,  NY  ,71833.6,311.0,2025-12-15
TXN00000159,CUST00386,2026-03-11,,5289.69,ACC0000000072,,EMP0079,  PATRICIA   MARTINEZ,customer323@outlook.com,6059527940,inactive,High,investment,ATM,  Mexico  ,TX,12531.41,385.0,2024-01-09
TXN00001015,CUST00122,2025-03-24,Withdrawal,11815.95,ACC0000000226,dallas,EMP0051,MARIA GARCIA,customer324@yahoo.com,8969968443,active,Medium,Checking,ATM,mexico,ca,89433.92,602.0,2025-08-09
TXN00000481,CUST00086,2026-13-45,withdrawal,10820.18,ACC0000000085,SAN DIEGO,EMP0023,JENNIFER MARTINEZ,customer325@outlook.com,7678285227,ACTIVE,low,credit card,ATM,,tx,60757.13,493.0,
TXN00000272,CUST00209,2024-02-05,DEPOSIT,769.8,ACC0000000118,Los Angeles,EMP0083,michael BROWN,customer326@gmail.com,7856136014,ACTIVE,low,Checking,Online,  USA  ,,84946.44,681.0,2024-12-06
TXN00000347,CUST00249,2024-05-09,DEPOSIT,6601.39,ACC0000000040,CHICAGO,EMP0063,michael BROWN,customer327@gmail.com,9263327941,,  HIGH  ,credit card,  ONLINE  ,USA,TX,58644.31,692.0,2026-05-08
TXN00000639,CUST00247,2024-03-09,,6323.82,ACC0000000264,houston,EMP0014,james   johnson  ,customer328@hotmail.com,3603782506,active,MEDIUM,  Checking  ,BRANCH,  USA  ,,1266.12,395.0,2025-09-25
TXN00000710,CUST00110,2024-08-29,withdrawal,2536.76,ACC0000000144,SAN DIEGO,EMP0019,james BROWN,customer329@gmail.com,7344863050,Inactive,high,SAVINGS,mobile,MEXICO,,57533.28,595.0,2024-11-09
TXN00000408,CUST00206,01-08-2026,Payment,6239.59,  ACC0000000109  ,,,Robert Davis,customer330@yahoo.com,9603167560,SUSPENDED,  HIGH  ,Loan,  ONLINE  ,  Mexico  ,CA,44574.03,363.0,2025-06-04
TXN00000666,CUST00031,2026-03-08,Payment,13232.47,ACC0000000077,SAN DIEGO,EMP0070,michael   jones  ,customer331@hotmail.com,8331574586,  Active  ,Low,Loan,  ONLINE  ,usa,CA,17046.87,540.0,2024-03-30
TXN00000911,CUST00085,2025-10-22,transfer,5300.91,ACC0000000096,  NEW YORK  ,EMP0099,elizabeth SMITH,customer332@outlook.com,6012882264,Inactive,Medium,investment,Online,CANADA,  CA  ,33779.86,596.0,2026-04-14
TXN00000337,CUST00195,2025-01-10,,5661.45,ACC0000000081,  NEW YORK  ,EMP0056,  LINDA   rodriguez,customer333@outlook.com,9095798821,ACTIVE,  HIGH  ,  Checking  ,atm,mexico,NY,67005.33,626.0,2024-12-15
TXN00000900,CUST00002,2025-01-05,TRANSFER,12440.66,ACC0000000186,houston,EMP0028,JENNIFER   johnson  ,customer334@outlook.com,5207687637,active,  HIGH  ,credit card,  ONLINE  ,  USA  ,CA,59993.68,549.0,2024-07-08
TXN00000547,CUST00200,2025-01-27,deposit,11841.51,ACC0000000061,SAN DIEGO,EMP0079,JENNIFER rodriguez,customer335@gmail.com,5892681895,Suspended,high,  Checking  ,,USA,CA,76214.82,387.0,2026-02-17
TXN00001000,CUST00136,2025-08-03,TRANSFER,8691.93,ACC0000000118,Phoenix,EMP0083,michael Davis,customer336@gmail.com,5807627950,  Active  ,high,credit card,MOBILE,  USA  ,FL,91155.68,822.0,2025-02-12
TXN00000325,CUST00233,2024-02-03,Withdrawal,11385.74,ACC0000000213,  PHILADELPHIA  ,EMP0014,  PATRICIA     jones  ,customer337@bank.com,3993762776,SUSPENDED,MEDIUM,investment,,United States,ca,72157.7,348.0,2025-09-02
TXN00000642,CUST00147,2025-09-11,DEPOSIT,3422.46,ACC0000000170,,EMP0057,james GARCIA,customer338@yahoo.com,3061796942,,,MORTGAGE,ATM,canada,  NY  ,22209.48,794.0,2024-05-26
TXN00000500,CUST00217,2024-06-06,deposit,6796.75,ACC0000000059,San Antonio,EMP0092,  LINDA   GARCIA,customer339@outlook.com,8178976496,  Active  ,low,credit card,Mobile,,TX,71083.95,582.0,2024-11-26
TXN00000555,CUST00357,2025/11/26,Withdrawal,11997.96,ACC0000000247,CHICAGO,EMP0034,Robert SMITH,customer340@yahoo.com,2283455623,Inactive,MEDIUM,investment,Online,CANADA,ca,81932.52,731.0,2026-03-16
TXN00000037,CUST00375,2025-04-05,PAYMENT,549.52,ACC0000000246,  NEW YORK  ,EMP0014,elizabeth SMITH,customer341@outlook.com,3666542744,Active,  HIGH  ,Checking,MOBILE,MEXICO,,14689.26,441.0,2025-01-15
TXN00000633,CUST00285,2025-01-14,transfer,350.17,ACC0000000246,  PHILADELPHIA  ,EMP0005,  John   BROWN,customer342@hotmail.com,2663161179,SUSPENDED,Medium,Loan,,United States,  CA  ,95172.36,499.0,2025-08-12
TXN00000071,CUST00339,2025-01-15,Payment,3953.86,ACC0000000108,  PHILADELPHIA  ,EMP0010,Robert rodriguez,customer343@yahoo.com,9744164075,INACTIVE,high,  Checking  ,MOBILE,  USA  ,FL,94634.62,622.0,2025-01-25
TXN00000241,CUST00368,2025-03-30,Payment,1615.64,ACC0000000083,  PHILADELPHIA  ,EMP0010,michael   jones  ,customer344@yahoo.com,7643061530,Suspended,High,,BRANCH,  Mexico  ,,52375.55,616.0,2025-02-10
TXN00000647,CUST00250,20-02-2026,TRANSFER,5160.03,ACC0000000211,Phoenix,,JENNIFER   johnson  ,customer345@gmail.com,4463752393,INACTIVE,MEDIUM,,Online,USA,CA,13936.16,718.0,2024-11-05
TXN00000701,CUST00080,2024-03-19,DEPOSIT,13324.57,ACC0000000012,houston,EMP0074,William BROWN,customer346@bank.com,7836781735,inactive,High,credit card,,USA,NY,3779.76,623.0,2026-05-14
TXN00000945,CUST00098,2025-08-10,Transfer,2455.52,ACC0000000125,SAN DIEGO,EMP0094,  LINDA     MILLER  ,customer347@gmail.com,7779098926,active,High,MORTGAGE,Mobile,mexico,TX,67846.84,400.0,2025-04-02
TXN00000233,CUST00152,2024-05-20,DEPOSIT,1171.29,ACC0000000023,Phoenix,EMP0033,  John     MILLER  ,customer348@yahoo.com,2461496154,Active,low,SAVINGS,Mobile,mexico,  NY  ,97236.44,335.0,2024-07-05
TXN00000093,CUST00112,2025-06-26,Withdrawal,14130.42,ACC0000000066,  NEW YORK  ,EMP0100,Robert   jones  ,customer349@hotmail.com,2954161138,inactive,low,SAVINGS,atm,,tx,14336.91,303.0,2024-04-25
TXN00000445,CUST00030,2026/08/01,Withdrawal,14671.72,ACC0000000294,Phoenix,EMP0058,MARIA BROWN,,565-869-5626,  Active  ,Medium,Loan,Mobile,mexico,tx,,503.0,
TXN00000101,CUST00297,2025-01-10,Withdrawal,5102.36,ACC0000000083,San Antonio,EMP0003,Robert BROWN,customer351@gmail.com,6076124192,  Active  ,  HIGH  ,credit card,Mobile,mexico,ny,37066.42,317.0,2026-05-23
TXN00000649,CUST00377,2025-02-11,,14779.88,ACC0000000069,  NEW YORK  ,EMP0064,james Davis,customer352@bank.com,5228697400,Suspended,MEDIUM,Loan,ATM,USA,ny,73191.11,768.0,2024-09-02
TXN00000733,CUST00278,2024-11-17,PAYMENT,13403.73,ACC0000000263,SAN DIEGO,EMP0020,JENNIFER   MILLER  ,customer353@outlook.com,9434643122,Active,low,investment,atm,usa,FL,72884.82,713.0,2024-01-14
TXN00000455,CUST00032,2025-10-27,Transfer,10582.34,ACC0000000021,Phoenix,EMP0084,  John     jones  ,customer354@yahoo.com,9197902595,INACTIVE,High,Checking,ATM,CANADA,ca,6374.77,486.0,2025-04-09
TXN00000171,CUST00383,2024-10-12,Transfer,6498.28,ACC0000000294,houston,EMP0082,MARIA Davis,customer355@gmail.com,5395179250,Inactive,high,  Checking  ,atm,canada,TX,19655.61,303.0,2026-06-09
TXN00000307,CUST00161,2024-09-12,withdrawal,9821.85,ACC0000000076,CHICAGO,EMP0001,  LINDA     MILLER  ,customer356@gmail.com,3036143460,,Medium,Checking,MOBILE,United States,CA,4728.05,678.0,2024-10-09
TXN00000819,CUST00030,2024-04-26,DEPOSIT,9129.4,ACC0000000029,  PHILADELPHIA  ,EMP0005,JENNIFER   MILLER  ,customer357@hotmail.com,2247017260,SUSPENDED,high,SAVINGS,MOBILE,United States,FL,5402.1,585.0,2024-05-19
TXN00000048,CUST00026,2024-01-27,PAYMENT,6541.3,ACC0000000086,San Antonio,EMP0086,MARIA Williams,customer358@yahoo.com,6887001612,,High,Loan,ATM,  USA  ,NY,76338.68,637.0,2024-09-02
TXN00000333,CUST00300,2026-01-23,Withdrawal,850.66,ACC0000000133,CHICAGO,EMP0050,Robert rodriguez,customer359@outlook.com,4972653482,SUSPENDED,,credit card,Online,mexico,TX,49405.6,688.0,2025-01-11
TXN00000058,CUST00245,01-08-2026,deposit,$3377.84,ACC0000000093,Los Angeles,,MARIA GARCIA,USER360@YAHOO.COM,,inactive,high,SAVINGS,atm,canada,  NY  ,81272.45,,2026-03-06
TXN00000301,CUST00258,2024-07-09,transfer,14617.26,ACC0000000265,San Antonio,EMP0035,michael MARTINEZ,customer361@hotmail.com,8985742290,Inactive,high,MORTGAGE,,MEXICO,FL,68915.44,748.0,2026-01-04
TXN00001049,CUST00272,2025-05-26,DEPOSIT,6168.73,ACC0000000208,SAN DIEGO,EMP0020,William GARCIA,customer362@yahoo.com,8401954794,inactive,high,SAVINGS,  Branch  ,canada,  NY  ,47094.6,376.0,2025-08-25
TXN00000384,CUST00081,2025-06-14,,8333.98,ACC0000000289,dallas,EMP0090,  LINDA   SMITH,customer363@yahoo.com,4209263307,SUSPENDED,Medium,credit card,  ONLINE  ,  Mexico  ,  CA  ,50842.61,639.0,2024-05-01
TXN00000442,CUST00030,2025-01-31,Transfer,13887.33,ACC0000000010,houston,EMP0043,  John   Williams,customer364@gmail.com,9878353638,SUSPENDED,  HIGH  ,credit card,,canada,CA,86498.68,320.0,2024-09-29
TXN00000150,CUST00261,2025-07-29,Payment,8124.88,ACC0000000146,San Antonio,EMP0051,  LINDA   Williams,customer365@bank.com,7136289573,,,SAVINGS,Mobile,,ca,44398.62,347.0,2024-07-04
TXN00000251,CUST00042,2024-04-30,Payment,9925.94,ACC0000000044,houston,EMP0074,  John     MILLER  ,customer366@yahoo.com,9874498331,,low,investment,Mobile,,ny,68676.13,746.0,2025-01-29
TXN00000544,CUST00096,2024-09-25,transfer,4496.14,ACC0000000111,dallas,EMP0001,  PATRICIA     jones  ,customer367@outlook.com,3344475765,ACTIVE,High,  Checking  ,MOBILE,,FL,69638.64,743.0,2024-05-05
TXN00000864,CUST00036,2026-03-04,PAYMENT,1483.94,ACC0000000230,CHICAGO,EMP0066,JENNIFER MARTINEZ,customer368@gmail.com,5687388059,ACTIVE,low,SAVINGS,atm,United States,ca,72482.4,699.0,2026-04-13
TXN00000580,CUST00305,2024-09-23,TRANSFER,5923.89,ACC0000000242,San Antonio,EMP0091,MARIA   johnson  ,customer369@bank.com,2408297350,Suspended,  HIGH  ,SAVINGS,ATM,  Mexico  ,ca,87973.01,732.0,2024-10-19
TXN00000185,CUST00035,2025/12/21,Transfer,8267.46,ACC0000000247,Phoenix,EMP0099,james BROWN,customer370@gmail.com,4443132228,ACTIVE,low,,,USA,,67067.44,575.0,2024-02-23
TXN00000175,CUST00346,2025-04-01,DEPOSIT,7389.68,ACC0000000088,dallas,EMP0063,William Williams,customer371@outlook.com,3566809151,Suspended,Medium,SAVINGS,ATM,CANADA,FL,36379.06,394.0,2025-11-14
TXN00000886,CUST00121,2024-08-07,TRANSFER,864.85,ACC0000000113,  PHILADELPHIA  ,EMP0062,elizabeth   MILLER  ,customer372@hotmail.com,2999241244,active,high,SAVINGS,atm,,ny,24442.79,375.0,2024-09-28
TXN00000081,CUST00207,2025-09-18,,107.04,ACC0000000211,,EMP0056,JENNIFER Davis,customer373@outlook.com,3468846071,Active,low,  Checking  ,  ONLINE  ,canada,ca,53963.97,313.0,2025-10-28
TXN00000988,CUST00062,2024-10-19,transfer,1360.04,ACC0000000074,SAN DIEGO,EMP0052,  LINDA   Williams,customer374@gmail.com,7609882428,active,Medium,credit card,atm,MEXICO,,92505.96,702.0,2025-07-11
TXN00000392,CUST00292,2026-13-45,Transfer,12367.26,ACC0000000299,CHICAGO,,Robert Williams,customer375@bank.com,7101968451,,Medium,credit card,Online,canada,ny,80070.51,679.0,
TXN00000635,CUST00127,2025-12-11,withdrawal,9395.11,ACC0000000094,houston,EMP0094,elizabeth GARCIA,customer376@gmail.com,5212735843,ACTIVE,Medium,investment,  Branch  ,CANADA,NY,92332.19,606.0,2025-08-20
TXN00000247,CUST00297,2025-05-17,deposit,7230.91,ACC0000000262,CHICAGO,EMP0100,Robert BROWN,customer377@gmail.com,3651695589,active,  HIGH  ,investment,  ONLINE  ,USA,NY,79243.27,388.0,2024-07-19
TXN00000510,CUST00305,2024-07-23,Transfer,1499.95,ACC0000000136,dallas,EMP0009,MARIA   MILLER  ,customer378@outlook.com,7904726789,Inactive,low,  Checking  ,  ONLINE  ,MEXICO,TX,81547.45,392.0,2024-09-10
TXN00000598,CUST00021,2024-05-05,Payment,3143.95,ACC0000000086,SAN DIEGO,EMP0070,JENNIFER Williams,customer379@yahoo.com,2911723935,SUSPENDED,,credit card,BRANCH,mexico,,5003.34,530.0,2026-03-22
TXN00000147,CUST00318,2024/05/18,transfer,9590.95,ACC0000000176,houston,EMP0029,michael   MILLER  ,customer380@yahoo.com,9278908548,ACTIVE,,SAVINGS,  ONLINE  ,USA,tx,2716.36,588.0,2024-06-10
TXN00001036,CUST00042,2026-05-23,withdrawal,14657.01,ACC0000000233,CHICAGO,EMP0001,elizabeth BROWN,customer381@hotmail.com,4645845194,Active,,Loan,atm,  Mexico  ,  NY  ,97820.99,301.0,2025-03-01
TXN00000805,CUST00215,2024-03-16,Withdrawal,7129.88,ACC0000000036,Phoenix,EMP0050,  John   SMITH,customer382@yahoo.com,9819978242,Suspended,Low,  Checking  ,,,CA,24392.45,757.0,2026-04-16
TXN00000654,CUST00337,2025-04-07,DEPOSIT,1776.86,ACC0000000118,SAN DIEGO,EMP0089,William MARTINEZ,customer383@yahoo.com,8652433031,SUSPENDED,,,MOBILE,usa,FL,39397.26,631.0,2024-04-29
TXN00000261,CUST00299,2024-06-25,TRANSFER,11783.9,ACC0000000194,CHICAGO,EMP0100,  PATRICIA     johnson  ,customer384@gmail.com,7825991648,active,Low,  Checking  ,BRANCH,CANADA,  CA  ,9118.98,402.0,2024-11-04
TXN00000471,CUST00290,2025-12-31,withdrawal,7090.62,ACC0000000198,San Antonio,EMP0062,  LINDA   BROWN,customer385@gmail.com,5729795696,,,credit card,Mobile,  Mexico  ,TX,,708.0,2026-03-06
TXN00000262,CUST00268,2025-03-31,transfer,13428.42,ACC0000000068,CHICAGO,EMP0016,Robert Williams,customer386@outlook.com,6105183113,SUSPENDED,Medium,  Checking  ,atm,CANADA,NY,57693.93,575.0,2024-11-20
TXN00000010,CUST00162,2024-03-30,Payment,4011.82,ACC0000000056,dallas,EMP0073,  John     MILLER  ,customer387@gmail.com,6514759396,active,high,,ATM,,  CA  ,79630.62,780.0,2024-11-12
TXN00000477,CUST00134,2026-04-09,transfer,9645.9,ACC0000000009,CHICAGO,EMP0069,elizabeth   MILLER  ,customer388@gmail.com,8394217122,,  HIGH  ,credit card,MOBILE,,  CA  ,32752.68,342.0,2024-08-06
TXN00000702,CUST00105,2025-11-29,Withdrawal,5843.53,ACC0000000104,  PHILADELPHIA  ,EMP0046,elizabeth   jones  ,customer389@hotmail.com,2857987769,Suspended,low,SAVINGS,Online,United States,NY,46561.26,835.0,2026-01-05
TXN00000560,CUST00343,01-08-2026,,5596.76,  ACC0000000268  ,Los Angeles,,james   johnson  ,customer390@yahoo.com,7185605306,Suspended,Low,Loan,  Branch  ,mexico,FL,35341.86,315.0,2026-04-09
TXN00000162,CUST00367,2026-05-15,deposit,5752.61,ACC0000000259,SAN DIEGO,EMP0043,JENNIFER Williams,customer391@gmail.com,8981431934,Active,High,  Checking  ,atm,,FL,87310.7,676.0,2024-02-27
TXN00000076,CUST00161,2024-11-23,Withdrawal,2839.41,ACC0000000215,SAN DIEGO,EMP0088,elizabeth   johnson  ,customer392@yahoo.com,9589095011,INACTIVE,High,credit card,BRANCH,United States,,95455.33,499.0,2025-04-08
TXN00001017,CUST00123,2025-11-14,withdrawal,717.02,ACC0000000077,Los Angeles,EMP0039,  John   rodriguez,customer393@gmail.com,9169401130,ACTIVE,low,SAVINGS,Mobile,CANADA,  CA  ,87328.65,740.0,2025-08-03
TXN00000764,CUST00136,2024-12-21,DEPOSIT,6624.12,ACC0000000050,CHICAGO,EMP0052,michael Davis,customer394@yahoo.com,3589732725,Suspended,low,SAVINGS,,MEXICO,ca,57481.1,729.0,2025-02-26
TXN00000772,CUST00203,2025-12-27,,3987.84,ACC0000000091,  PHILADELPHIA  ,EMP0008,  LINDA     johnson  ,customer395@yahoo.com,4974843592,INACTIVE,Medium,  Checking  ,  ONLINE  ,MEXICO,NY,92925.2,507.0,2024-08-13
TXN00000693,CUST00068,2024-03-07,deposit,12564.33,ACC0000000244,CHICAGO,EMP0081,  PATRICIA   BROWN,customer396@gmail.com,7835082195,INACTIVE,Low,Checking,ATM,USA,tx,10263.35,601.0,2025-11-04
TXN00000435,CUST00344,2025-07-17,Transfer,8485.49,ACC0000000020,  NEW YORK  ,EMP0083,  PATRICIA     jones  ,customer397@outlook.com,4284978573,,Medium,credit card,mobile,United States,ny,78115.54,444.0,2026-02-27
TXN00000904,CUST00331,2025-07-09,DEPOSIT,2309.4,ACC0000000273,  PHILADELPHIA  ,EMP0012,Robert Davis,customer398@bank.com,8851956716,inactive,,,Mobile,,  NY  ,64648.26,686.0,2025-04-13
TXN00000731,CUST00154,2024-10-24,Withdrawal,10462.24,ACC0000000258,San Antonio,EMP0047,michael Williams,customer399@gmail.com,6775799767,  Active  ,,MORTGAGE,ATM,MEXICO,  NY  ,17580.53,847.0,2024-08-19
TXN00000310,CUST00235,,Payment,,ACC0000000061,San Antonio,EMP0069,michael BROWN,user400@gmail,(676) 211-2406,inactive,Medium,credit card,  Branch  ,  Mexico  ,TX,92759.32,,
TXN00000204,CUST00162,2024-11-03,DEPOSIT,1495.7,ACC0000000048,Phoenix,EMP0044,elizabeth BROWN,customer401@hotmail.com,3848492775,  Active  ,High,,atm,MEXICO,ca,94240.93,714.0,2024-04-16
TXN00000394,CUST00385,2026-05-21,deposit,10038.71,ACC0000000247,,EMP0011,Robert BROWN,customer402@hotmail.com,6068868096,active,High,Checking,  ONLINE  ,USA,ca,75178.55,463.0,2025-11-28
TXN00000794,CUST00038,2024-06-10,transfer,12132.29,ACC0000000067,Phoenix,EMP0059,michael Williams,customer403@bank.com,4045116385,active,  HIGH  ,Loan,  Branch  ,canada,ny,66736.83,697.0,2024-01-19
TXN00000110,CUST00005,2025-12-29,transfer,6239.1,ACC0000000277,CHICAGO,EMP0098,michael Williams,customer404@yahoo.com,2664246610,INACTIVE,low,Checking,mobile,United States,CA,10155.03,770.0,2024-01-31
TXN00000243,CUST00235,27-12-2025,transfer,11359.03,ACC0000000001,houston,,  John     jones  ,customer405@bank.com,8185974483,,MEDIUM,credit card,atm,USA,ny,20685.11,315.0,2025-06-30
TXN00000746,CUST00319,2025-12-18,Withdrawal,3451.32,ACC0000000221,Los Angeles,EMP0099,Robert BROWN,customer406@yahoo.com,9198598802,Inactive,MEDIUM,MORTGAGE,Online,United States,  CA  ,28441.23,840.0,2025-10-23
TXN00000754,CUST00289,2025-10-15,deposit,961.71,ACC0000000268,CHICAGO,EMP0038,elizabeth Davis,customer407@bank.com,3173858447,  Active  ,High,investment,Mobile,CANADA,,86917.84,539.0,2025-12-03
TXN00000868,CUST00052,2024-06-27,Transfer,5837.24,ACC0000000216,CHICAGO,EMP0083,  PATRICIA   GARCIA,customer408@outlook.com,2396583551,inactive,high,Checking,,United States,,51626.72,743.0,2026-01-18
TXN00000589,CUST00038,2026-03-23,TRANSFER,7862.6,ACC0000000190,  NEW YORK  ,EMP0026,elizabeth Davis,customer409@outlook.com,6812494497,,Medium,Checking,  Branch  ,  Mexico  ,TX,6612.18,832.0,2024-05-04
TXN00000303,CUST00276,2025/01/05,PAYMENT,14486.13,ACC0000000023,dallas,EMP0023,MARIA SMITH,customer410@gmail.com,5276811513,  Active  ,  HIGH  ,credit card,ATM,USA,CA,82501.67,421.0,2025-05-22
TXN00000721,CUST00110,2025-06-04,PAYMENT,10321.67,ACC0000000272,dallas,EMP0071,  LINDA   Williams,customer411@yahoo.com,8158927230,INACTIVE,  HIGH  ,Checking,Online,  Mexico  ,  NY  ,91253.79,783.0,2025-06-27
TXN00000023,CUST00260,2024-08-17,Payment,14048.6,ACC0000000220,Phoenix,EMP0006,JENNIFER   MILLER  ,customer412@yahoo.com,2639276922,SUSPENDED,Low,SAVINGS,Mobile,USA,CA,58078.37,841.0,2026-04-21
TXN00000406,CUST00136,2024-05-04,deposit,8612.08,ACC0000000118,dallas,EMP0050,  PATRICIA     MILLER  ,customer413@gmail.com,6405844496,SUSPENDED,,investment,  ONLINE  ,usa,  NY  ,99225.66,796.0,2024-12-30
TXN00000282,CUST00068,2024-07-24,,3572.85,ACC0000000247,dallas,EMP0085,michael MARTINEZ,customer414@hotmail.com,2553161375,Inactive,  HIGH  ,Loan,  Branch  ,MEXICO,NY,9182.13,374.0,2024-06-20
TXN00000009,CUST00179,2026-03-22,Withdrawal,4517.84,ACC0000000196,dallas,EMP0025,Robert   johnson  ,customer415@hotmail.com,9768007929,inactive,High,credit card,atm,canada,tx,68990.58,672.0,2024-05-25
TXN00000774,CUST00036,2024-05-22,Withdrawal,5952.33,ACC0000000180,houston,EMP0039,MARIA rodriguez,customer416@yahoo.com,4763583885,active,low,MORTGAGE,mobile,canada,TX,50486.66,331.0,2024-05-03
TXN00000051,CUST00126,2024-08-30,withdrawal,12816.4,ACC0000000295,dallas,EMP0090,  John   SMITH,customer417@gmail.com,2852452134,active,,credit card,atm,  Mexico  ,TX,61261.02,679.0,2024-03-22
TXN00001007,CUST00190,2026-03-20,transfer,569.19,ACC0000000051,houston,EMP0050,JENNIFER BROWN,customer418@outlook.com,4805142338,,Low,,Online,USA,TX,12401.84,739.0,2025-01-12
TXN00000509,CUST00146,2025-05-20,Withdrawal,8589.74,ACC0000000218,houston,EMP0014,  LINDA   GARCIA,customer419@hotmail.com,5059948396,SUSPENDED,MEDIUM,MORTGAGE,mobile,canada,CA,40384.13,484.0,2026-01-17
TXN00000294,CUST00081,01-08-2026,DEPOSIT,$5216.49,ACC0000000069,  NEW YORK  ,,elizabeth MARTINEZ,,629-637-4507,Active,Low,credit card,ATM,MEXICO,,,671.0,2025-07-16
TXN00000236,CUST00225,2024-01-27,transfer,8593.71,ACC0000000131,  PHILADELPHIA  ,EMP0081,  John   SMITH,customer421@gmail.com,8853654015,inactive,Medium,investment,Online,,ca,63695.78,764.0,2025-04-02
TXN00000622,CUST00279,2025-01-04,TRANSFER,14742.18,ACC0000000245,Los Angeles,EMP0089,Robert rodriguez,customer422@outlook.com,2551948021,Suspended,low,  Checking  ,Mobile,USA,ca,73443.79,379.0,2024-04-04
TXN00000361,CUST00361,2025-07-21,Payment,2254.34,ACC0000000120,,EMP0046,elizabeth   MILLER  ,customer423@yahoo.com,5508715864,active,Medium,,MOBILE,CANADA,  CA  ,12440.4,765.0,2025-07-24
TXN00000225,CUST00155,2025-08-09,DEPOSIT,14241.36,ACC0000000043,CHICAGO,EMP0063,Robert   MILLER  ,customer424@outlook.com,3683036722,active,  HIGH  ,MORTGAGE,,,TX,16583.05,686.0,2024-10-14
TXN00000195,CUST00314,2026-13-45,DEPOSIT,6763.14,ACC0000000146,SAN DIEGO,EMP0011,JENNIFER Williams,customer425@yahoo.com,6295938790,SUSPENDED,low,credit card,  ONLINE  ,United States,CA,86806.36,323.0,
TXN00000877,CUST00335,2025-01-12,TRANSFER,14238.47,ACC0000000279,dallas,EMP0081,William SMITH,customer426@gmail.com,7488053632,ACTIVE,MEDIUM,  Checking  ,mobile,canada,CA,92474.76,542.0,2024-11-21
TXN00000141,CUST00271,2025-04-23,withdrawal,2549.11,ACC0000000210,,EMP0057,elizabeth Williams,customer427@hotmail.com,9135476811,Active,  HIGH  ,Checking,  ONLINE  ,canada,NY,96051.29,429.0,2024-06-09
TXN00000100,CUST00005,2026-04-02,Withdrawal,3217.76,ACC0000000132,  PHILADELPHIA  ,EMP0095,Robert Williams,customer428@bank.com,9096847375,INACTIVE,high,,BRANCH,MEXICO,CA,41601.04,322.0,2024-08-02
TXN00000909,CUST00342,2025-07-18,withdrawal,2931.25,ACC0000000097,CHICAGO,EMP0025,William Davis,customer429@hotmail.com,2106744253,Inactive,MEDIUM,SAVINGS,atm,usa,,75513.33,389.0,2025-01-06
TXN00000317,CUST00284,2024/05/12,Withdrawal,688.0,ACC0000000003,San Antonio,EMP0018,JENNIFER Davis,customer430@gmail.com,2798403369,Inactive,Medium,Loan,atm,United States,NY,14823.87,435.0,2026-04-15
TXN00000452,CUST00154,2025-09-18,deposit,1221.61,ACC0000000004,,EMP0005,james   johnson  ,customer431@gmail.com,5317806185,ACTIVE,,,BRANCH,  Mexico  ,  NY  ,12401.43,741.0,2025-11-04
TXN00000035,CUST00340,2024-03-29,deposit,10262.73,ACC0000000296,,EMP0025,JENNIFER rodriguez,customer432@yahoo.com,2142548514,,high,credit card,ATM,canada,TX,77366.31,667.0,2024-10-13
TXN00000771,CUST00054,2024-03-08,DEPOSIT,3068.69,ACC0000000268,CHICAGO,EMP0004,michael Williams,customer433@outlook.com,3516116184,SUSPENDED,high,investment,,mexico,TX,67670.33,765.0,2026-01-26
TXN00000374,CUST00069,2024-11-12,DEPOSIT,12347.33,ACC0000000061,CHICAGO,EMP0093,Robert   johnson  ,customer434@hotmail.com,3169117658,inactive,low,Loan,mobile,  USA  ,FL,12477.46,834.0,2024-06-29
TXN00000825,CUST00136,11-02-2025,Transfer,2260.78,ACC0000000267,houston,,JENNIFER SMITH,customer435@bank.com,4696331060,ACTIVE,High,,,canada,ca,38875.62,491.0,2025-03-19
TXN00000700,CUST00060,2026-01-04,TRANSFER,8945.96,ACC0000000004,houston,EMP0076,james Davis,customer436@outlook.com,6619523059,Active,MEDIUM,,ATM,United States,CA,11346.05,689.0,2025-06-01
TXN00000835,CUST00055,2026-01-06,PAYMENT,4830.25,ACC0000000193,  NEW YORK  ,EMP0031,Robert GARCIA,customer437@gmail.com,8495602596,  Active  ,  HIGH  ,,Online,USA,TX,91415.24,315.0,2026-03-27
TXN00000335,CUST00381,2025-05-05,deposit,10920.19,ACC0000000106,San Antonio,EMP0063,michael   jones  ,customer438@bank.com,2373234074,SUSPENDED,High,Checking,mobile,  Mexico  ,  CA  ,5143.26,609.0,2025-04-16
TXN00001002,CUST00284,2025-06-22,TRANSFER,12119.79,ACC0000000162,  NEW YORK  ,EMP0050,Robert MARTINEZ,customer439@bank.com,6308139947,  Active  ,Medium,Checking,BRANCH,usa,tx,62133.29,380.0,2024-09-22
TXN00000978,CUST00080,2025/02/24,DEPOSIT,-526.4344602948861,ACC0000000210,Phoenix,EMP0009,Robert rodriguez,USER440@YAHOO.COM,9922707185,active,low,Checking,MOBILE,mexico,ca,4159.82,,2024-09-30
TXN00000206,CUST00140,2026-02-26,withdrawal,8367.64,ACC0000000186,San Antonio,EMP0070,JENNIFER   MILLER  ,customer441@yahoo.com,4214564436,ACTIVE,low,,Mobile,United States,  NY  ,14462.69,305.0,2026-05-14
TXN00000136,CUST00145,2025-02-23,DEPOSIT,8303.21,ACC0000000055,houston,EMP0083,james GARCIA,customer442@hotmail.com,3957951235,inactive,Low,Checking,atm,CANADA,NY,34950.95,677.0,2025-11-27
TXN00000914,CUST00310,2026-04-23,withdrawal,12856.53,ACC0000000080,houston,EMP0040,  LINDA   Williams,customer443@gmail.com,5799336960,,high,investment,BRANCH,USA,ca,74515.39,442.0,2025-10-28
TXN00000375,CUST00108,2025-08-11,Withdrawal,7819.34,ACC0000000219,houston,EMP0064,William Davis,customer444@bank.com,2164096029,Inactive,MEDIUM,investment,atm,usa,  CA  ,53386.37,374.0,2025-11-26
TXN00000682,CUST00368,2024-03-16,PAYMENT,13761.57,ACC0000000300,Los Angeles,EMP0069,  John   BROWN,customer445@hotmail.com,7149383043,inactive,Medium,investment,  ONLINE  ,  USA  ,NY,44326.06,772.0,2025-05-25
TXN00000514,CUST00176,2024-05-08,,234.84,ACC0000000130,CHICAGO,EMP0058,james SMITH,customer446@outlook.com,9166118471,Active,Medium,,  ONLINE  ,MEXICO,ny,25618.71,669.0,2024-02-19
TXN00000796,CUST00105,2024-11-20,,10521.16,ACC0000000134,,EMP0003,  PATRICIA   Williams,customer447@yahoo.com,6235206762,Inactive,  HIGH  ,credit card,mobile,  USA  ,  NY  ,92622.82,643.0,2024-04-25
TXN00000169,CUST00352,2025-10-19,,8834.26,ACC0000000275,dallas,EMP0005,  John   Davis,customer448@hotmail.com,5609489887,INACTIVE,High,SAVINGS,mobile,MEXICO,  NY  ,74930.54,822.0,2025-05-24
TXN00000264,CUST00325,2024-03-16,Withdrawal,11736.2,ACC0000000217,,EMP0044,Robert Williams,customer449@yahoo.com,6366356502,INACTIVE,high,Loan,mobile,MEXICO,CA,22194.83,621.0,2024-07-17
TXN00000494,CUST00136,2026/08/01,DEPOSIT,1732.16,ACC0000000290,  PHILADELPHIA  ,,  LINDA     MILLER  ,user450@gmail,,Suspended,Medium,Loan,Mobile,  Mexico  ,TX,30067.61,420.0,
TXN00000612,CUST00259,2025-04-05,Transfer,2287.15,ACC0000000188,,EMP0008,MARIA Davis,customer451@hotmail.com,3162808517,  Active  ,  HIGH  ,Loan,Mobile,  USA  ,,20052.01,771.0,2025-10-20
TXN00000722,CUST00251,2025-04-22,DEPOSIT,8520.58,ACC0000000142,houston,EMP0044,  John   Davis,customer452@outlook.com,6384823898,INACTIVE,High,Loan,ATM,  Mexico  ,,38648.08,798.0,2024-06-16
TXN00000942,CUST00129,2025-11-27,deposit,8761.02,ACC0000000204,San Antonio,EMP0093,JENNIFER rodriguez,customer453@gmail.com,7667093664,inactive,  HIGH  ,credit card,atm,United States,  CA  ,21631.79,767.0,2026-06-09
TXN00000921,CUST00027,2025-06-13,,14474.23,ACC0000000105,San Antonio,EMP0006,  LINDA   Davis,customer454@hotmail.com,7555467251,  Active  ,Medium,Loan,atm,  USA  ,TX,2327.5,597.0,2025-10-25
TXN00000078,CUST00048,2024-12-18,DEPOSIT,1548.05,ACC0000000212,  NEW YORK  ,EMP0052,  LINDA     johnson  ,customer455@gmail.com,4919658167,Suspended,Medium,credit card,MOBILE,mexico,FL,,392.0,2026-04-15
TXN00000145,CUST00325,2024-05-11,transfer,1629.24,ACC0000000283,dallas,EMP0016,james   johnson  ,customer456@bank.com,8493902625,INACTIVE,High,investment,,usa,ca,18704.93,441.0,2025-11-23
TXN00001003,CUST00217,2026-06-18,transfer,11704.19,ACC0000000286,San Antonio,EMP0028,JENNIFER   johnson  ,customer457@bank.com,2899252700,,low,Checking,ATM,MEXICO,tx,65412.03,799.0,2024-01-26
TXN00000407,CUST00142,2026-04-28,deposit,11796.9,ACC0000000248,  PHILADELPHIA  ,EMP0084,  PATRICIA     jones  ,customer458@outlook.com,2917651269,,low,SAVINGS,  Branch  ,MEXICO,tx,66849.24,603.0,2025-12-09
TXN00000571,CUST00023,2026-03-09,Withdrawal,13018.76,ACC0000000092,San Antonio,EMP0086,james Williams,customer459@outlook.com,8315212698,Inactive,Low,,MOBILE,canada,TX,30845.05,694.0,2025-06-25
TXN00000737,CUST00002,2025/07/18,Transfer,13208.03,ACC0000000190,dallas,EMP0067,William   jones  ,customer460@bank.com,7088679924,ACTIVE,high,investment,  Branch  ,canada,,52578.28,489.0,2025-02-24
TXN00000910,CUST00171,2025-10-17,TRANSFER,13174.51,ACC0000000287,dallas,EMP0059,elizabeth MARTINEZ,customer461@yahoo.com,3027488276,  Active  ,MEDIUM,MORTGAGE,  ONLINE  ,usa,  CA  ,15813.55,376.0,2026-03-26
TXN00000405,CUST00395,2025-08-24,Withdrawal,3998.84,ACC0000000285,dallas,EMP0087,  PATRICIA   MARTINEZ,customer462@bank.com,7156951534,active,,Loan,,usa,FL,78715.1,398.0,2024-12-15
TXN00000949,CUST00067,2024-07-05,Withdrawal,9839.08,ACC0000000248,SAN DIEGO,EMP0069,  John   rodriguez,customer463@bank.com,8833967891,ACTIVE,,,atm,  USA  ,NY,18437.58,448.0,2026-06-15
TXN00000951,CUST00327,2026-02-25,DEPOSIT,8601.75,ACC0000000130,SAN DIEGO,EMP0020,elizabeth Williams,customer464@gmail.com,4163288448,Inactive,,credit card,ATM,usa,,9919.95,587.0,2026-01-29
TXN00000550,CUST00135,12-05-2024,,7122.05,ACC0000000158,  NEW YORK  ,,michael   johnson  ,customer465@yahoo.com,7644902875,INACTIVE,  HIGH  ,Checking,Online,USA,ny,3248.23,394.0,2026-04-20
TXN00000127,CUST00083,2025-03-19,Payment,2624.39,ACC0000000296,SAN DIEGO,EMP0095,  PATRICIA   Davis,customer466@gmail.com,4009768693,active,Low,SAVINGS,,United States,ny,56280.27,712.0,2024-05-31
TXN00000854,CUST00380,2025-05-29,transfer,6074.46,ACC0000000177,Los Angeles,EMP0075,MARIA GARCIA,customer467@bank.com,3274598601,INACTIVE,Low,SAVINGS,  Branch  ,usa,CA,40083.59,441.0,2024-08-15
TXN00001032,CUST00227,2026-06-08,,9292.76,ACC0000000204,,EMP0030,  John     jones  ,customer468@gmail.com,6229407484,  Active  ,Medium,Checking,,MEXICO,ca,52956.82,746.0,2025-03-31
TXN00000269,CUST00283,2024-02-26,withdrawal,10228.15,ACC0000000071,,EMP0010,MARIA   MILLER  ,customer469@hotmail.com,2074834668,ACTIVE,Low,MORTGAGE,  ONLINE  ,  USA  ,NY,92270.97,572.0,2025-04-18
TXN00000643,CUST00362,2026/05/01,Withdrawal,6055.71,ACC0000000061,  NEW YORK  ,EMP0005,JENNIFER MARTINEZ,customer470@yahoo.com,7193905384,active,,credit card,  ONLINE  ,usa,ny,86124.54,481.0,2025-04-08
TXN00000381,CUST00219,2024-05-07,withdrawal,5967.1,ACC0000000118,houston,EMP0095,MARIA GARCIA,customer471@outlook.com,8743706036,,Low,,  ONLINE  ,CANADA,,58066.53,466.0,2024-05-15
TXN00000111,CUST00288,2025-06-14,withdrawal,13190.42,ACC0000000229,SAN DIEGO,EMP0019,james SMITH,customer472@yahoo.com,6247894957,  Active  ,Medium,  Checking  ,Online,mexico,CA,33337.29,444.0,2025-08-14
TXN00000752,CUST00005,2024-06-05,TRANSFER,10373.18,ACC0000000083,SAN DIEGO,EMP0063,MARIA Davis,customer473@bank.com,2045241535,Suspended,  HIGH  ,Loan,MOBILE,usa,,14328.79,788.0,2025-03-16
TXN00000483,CUST00058,2024-11-07,TRANSFER,786.9,ACC0000000052,San Antonio,EMP0084,  LINDA   Davis,customer474@gmail.com,2151263512,inactive,low,Loan,atm,canada,tx,60036.0,642.0,2025-02-13
TXN00001038,CUST00039,2026-13-45,TRANSFER,7154.51,ACC0000000110,  NEW YORK  ,EMP0003,Robert MARTINEZ,customer475@gmail.com,5839609502,  Active  ,Medium,investment,,canada,NY,38182.12,824.0,
TXN00000336,CUST00354,2024-06-17,PAYMENT,4065.34,ACC0000000261,SAN DIEGO,EMP0061,  John   GARCIA,customer476@yahoo.com,9597146201,  Active  ,MEDIUM,SAVINGS,  Branch  ,CANADA,  NY  ,2694.37,376.0,2025-11-29
TXN00000227,CUST00077,2024-06-14,withdrawal,5617.99,ACC0000000206,San Antonio,EMP0080,  John   MARTINEZ,customer477@hotmail.com,5432748045,  Active  ,MEDIUM,credit card,BRANCH,canada,ny,82500.58,760.0,2024-11-27
TXN00000065,CUST00280,2024-11-26,DEPOSIT,5101.1,ACC0000000174,SAN DIEGO,EMP0006,  LINDA   GARCIA,customer478@outlook.com,4476697412,INACTIVE,MEDIUM,,mobile,usa,NY,20171.74,354.0,2025-02-20
TXN00000476,CUST00019,2025-12-27,withdrawal,11915.1,ACC0000000282,  NEW YORK  ,EMP0032,elizabeth Williams,customer479@hotmail.com,3977317444,  Active  ,MEDIUM,SAVINGS,  ONLINE  ,CANADA,tx,84840.44,570.0,2024-07-11
TXN00000697,CUST00190,01-08-2026,Withdrawal,,ACC0000000027,houston,,  PATRICIA   SMITH,USER480@YAHOO.COM,2529208030,SUSPENDED,high,,ATM,,,99462.14,,2024-07-18
TXN00000871,CUST00299,2024-08-18,TRANSFER,4698.69,ACC0000000083,Phoenix,EMP0090,Robert GARCIA,customer481@yahoo.com,3317517396,Inactive,MEDIUM,credit card,mobile,MEXICO,,35647.56,675.0,2025-04-24
TXN00000120,CUST00283,2024-12-20,Withdrawal,12650.56,ACC0000000200,,EMP0084,  John     johnson  ,customer482@yahoo.com,9452777604,active,  HIGH  ,Checking,  ONLINE  ,usa,  CA  ,38669.07,572.0,2024-01-04
TXN00000144,CUST00076,2025-06-15,TRANSFER,12880.61,ACC0000000003,San Antonio,EMP0017,William MARTINEZ,customer483@outlook.com,5256293595,Active,High,  Checking  ,Mobile,mexico,TX,79306.59,435.0,2024-04-24
TXN00000047,CUST00221,2024-10-17,PAYMENT,10288.54,ACC0000000047,Phoenix,EMP0002,michael   johnson  ,customer484@yahoo.com,6473362631,Inactive,MEDIUM,Loan,mobile,usa,CA,81236.0,407.0,2024-10-12
TXN00000039,CUST00066,2026-05-16,DEPOSIT,14588.82,ACC0000000075,Phoenix,EMP0023,michael   jones  ,customer485@gmail.com,9279203069,Inactive,,,BRANCH,mexico,NY,73862.34,654.0,2024-03-04
TXN00000919,CUST00022,2024-03-21,deposit,3457.96,ACC0000000242,,EMP0081,james BROWN,customer486@yahoo.com,7162217422,ACTIVE,low,credit card,atm,  USA  ,NY,1122.37,600.0,2025-10-23
TXN00000505,CUST00158,2024-09-13,TRANSFER,4542.18,ACC0000000223,CHICAGO,EMP0007,michael   johnson  ,customer487@bank.com,9807425263,  Active  ,  HIGH  ,credit card,  Branch  ,  Mexico  ,  NY  ,93139.37,681.0,2026-04-27
TXN00000849,CUST00187,2024-07-20,Payment,11168.67,ACC0000000046,San Antonio,EMP0040,  John   BROWN,customer488@outlook.com,7662626282,active,  HIGH  ,MORTGAGE,MOBILE,United States,FL,71851.66,797.0,2024-02-17
TXN00000631,CUST00021,2025-10-12,PAYMENT,11621.76,ACC0000000033,Phoenix,EMP0013,james   MILLER  ,customer489@hotmail.com,4081952528,active,high,credit card,  Branch  ,canada,ca,57318.14,346.0,2026-02-20
TXN00000705,CUST00184,2025/07/18,transfer,4846.98,ACC0000000135,dallas,EMP0059,michael   jones  ,,226-547-1189,active,Medium,credit card,Online,MEXICO,CA,,626.0,2025-10-06
TXN00000551,CUST00108,2024-10-08,transfer,10945.55,ACC0000000114,  NEW YORK  ,EMP0079,james   johnson  ,customer491@yahoo.com,8438883507,SUSPENDED,MEDIUM,,atm,USA,ca,35178.64,745.0,2025-12-18
TXN00000139,CUST00350,2024-05-08,Payment,9094.44,ACC0000000190,SAN DIEGO,EMP0022,Robert Davis,customer492@hotmail.com,2287329907,Active,high,credit card,  ONLINE  ,,  NY  ,78142.67,817.0,2024-12-31
TXN00000398,CUST00128,2025-10-02,PAYMENT,1384.84,ACC0000000041,CHICAGO,EMP0076,michael   jones  ,customer493@hotmail.com,2806857265,inactive,Medium,Loan,mobile,usa,tx,58762.43,429.0,2026-04-14
TXN00000956,CUST00342,2024-11-06,DEPOSIT,6653.66,ACC0000000020,,EMP0009,elizabeth Williams,customer494@gmail.com,2258603138,ACTIVE,  HIGH  ,credit card,Mobile,usa,CA,82525.87,302.0,2024-06-05
TXN00000380,CUST00053,21-09-2025,withdrawal,13705.82,ACC0000000197,,,JENNIFER   johnson  ,customer495@bank.com,6647496867,Active,,,,  USA  ,FL,77859.94,444.0,2026-04-13
TXN00000430,CUST00182,2025-06-30,TRANSFER,6137.2,ACC0000000206,Los Angeles,EMP0014,JENNIFER rodriguez,customer496@outlook.com,3913454633,active,Low,investment,  ONLINE  ,  USA  ,CA,23657.46,429.0,2025-03-25
TXN00000726,CUST00400,2024-04-05,Transfer,7292.68,ACC0000000267,SAN DIEGO,EMP0015,  PATRICIA   Davis,customer497@hotmail.com,5042989772,,,Checking,  Branch  ,mexico,,45919.7,675.0,2025-07-03
TXN00000780,CUST00287,2025-05-29,Withdrawal,7771.7,ACC0000000147,Los Angeles,EMP0064,  LINDA     MILLER  ,customer498@gmail.com,4518437194,SUSPENDED,low,Loan,ATM,  USA  ,  NY  ,15046.02,808.0,2024-03-05
TXN00000985,CUST00209,2025-10-18,deposit,5639.96,ACC0000000030,CHICAGO,EMP0077,  LINDA     jones  ,customer499@yahoo.com,9883661847,Suspended,Low,credit card,BRANCH,canada,FL,19884.89,300.0,2024-01-26
TXN00000769,CUST00318,,transfer,890.28,ACC0000000090,dallas,EMP0079,elizabeth MARTINEZ,user500@gmail,(481) 184-3355,SUSPENDED,,Checking,BRANCH,canada,FL,93581.72,318.0,
TXN00000809,CUST00384,2024-06-21,Withdrawal,11882.78,ACC0000000254,SAN DIEGO,EMP0029,michael   johnson  ,customer501@hotmail.com,8421232694,inactive,Low,investment,mobile,United States,ca,55419.8,350.0,2025-01-11
TXN00000287,CUST00080,2025-08-29,deposit,1030.97,ACC0000000225,CHICAGO,EMP0009,michael GARCIA,customer502@hotmail.com,3135703010,INACTIVE,Low,credit card,Online,CANADA,ny,54424.29,364.0,2024-11-29
TXN00000963,CUST00122,2025-08-17,PAYMENT,10658.06,ACC0000000006,San Antonio,EMP0026,elizabeth Williams,customer503@yahoo.com,3092455627,,High,credit card,mobile,mexico,ny,39349.51,708.0,2025-10-26
TXN00000554,CUST00084,2024-06-06,deposit,6080.61,ACC0000000104,San Antonio,EMP0055,michael   MILLER  ,customer504@yahoo.com,4682842520,ACTIVE,Medium,SAVINGS,,USA,FL,76494.64,524.0,2025-06-15
TXN00000223,CUST00091,2024-06-24,Withdrawal,11718.72,ACC0000000266,  PHILADELPHIA  ,EMP0044,MARIA SMITH,customer505@bank.com,2796066921,Inactive,,  Checking  ,ATM,mexico,  CA  ,13903.03,650.0,2025-11-05
TXN00000695,CUST00212,2025-11-05,transfer,7888.08,ACC0000000147,,EMP0095,William GARCIA,customer506@gmail.com,4125002649,,high,SAVINGS,MOBILE,  Mexico  ,CA,84787.87,719.0,2024-02-16
TXN00000456,CUST00013,2025-10-01,withdrawal,8551.65,ACC0000000100,  NEW YORK  ,EMP0087,  LINDA   BROWN,customer507@yahoo.com,7029141359,Suspended,low,SAVINGS,ATM,  Mexico  ,tx,26676.37,581.0,2024-02-07
TXN00000242,CUST00092,2026-01-07,TRANSFER,2647.37,ACC0000000018,CHICAGO,EMP0052,james Davis,customer508@yahoo.com,6231758971,Suspended,High,SAVINGS,  Branch  ,usa,ny,8419.95,354.0,2024-01-26
TXN00000372,CUST00378,2025-09-11,deposit,13133.95,ACC0000000262,,EMP0042,William rodriguez,customer509@bank.com,8401784445,Suspended,Medium,  Checking  ,ATM,canada,FL,74521.89,770.0,2024-06-04
TXN00000584,CUST00171,01-08-2026,transfer,3050.87,  ACC0000000265  ,dallas,,MARIA   jones  ,customer510@outlook.com,9035297148,SUSPENDED,  HIGH  ,  Checking  ,  ONLINE  ,  Mexico  ,  CA  ,16460.89,475.0,2025-05-10
TXN00000377,CUST00211,2024-12-11,Payment,911.53,ACC0000000119,houston,EMP0016,  LINDA     MILLER  ,customer511@bank.com,5217488387,inactive,High,  Checking  ,  Branch  ,United States,TX,14943.74,516.0,2026-05-26
TXN00000832,CUST00343,2026-05-12,PAYMENT,544.41,ACC0000000087,,EMP0088,MARIA Davis,customer512@hotmail.com,3642845894,INACTIVE,Medium,investment,Online,  USA  ,FL,48703.39,439.0,2025-11-29
TXN00000063,CUST00377,2025-07-31,deposit,805.86,ACC0000000019,Los Angeles,EMP0074,Robert Williams,customer513@yahoo.com,2102821515,,high,SAVINGS,Mobile,United States,FL,6327.72,585.0,2024-07-01
TXN00000719,CUST00128,2024-02-12,withdrawal,5437.61,ACC0000000185,Phoenix,EMP0070,james   jones  ,customer514@outlook.com,3204516681,inactive,High,investment,  Branch  ,,FL,13188.17,781.0,2026-01-16
TXN00000781,CUST00137,2026-04-25,Withdrawal,3026.69,ACC0000000123,  PHILADELPHIA  ,EMP0018,  PATRICIA   rodriguez,customer515@gmail.com,6957289953,,high,investment,ATM,CANADA,TX,61810.86,481.0,2024-05-11
TXN00000817,CUST00082,2026-06-03,deposit,5556.86,ACC0000000001,CHICAGO,EMP0042,michael   jones  ,customer516@gmail.com,2052629548,ACTIVE,High,Loan,Online,,FL,48451.74,815.0,2024-03-08
TXN00000126,CUST00360,2024-01-30,TRANSFER,6990.07,ACC0000000081,Los Angeles,EMP0028,elizabeth SMITH,customer517@outlook.com,9593602992,  Active  ,low,credit card,mobile,usa,FL,56195.31,466.0,2024-11-12
TXN00000582,CUST00056,2024-03-24,PAYMENT,5984.29,ACC0000000045,Los Angeles,EMP0098,William   johnson  ,customer518@gmail.com,3977201484,Inactive,high,Loan,MOBILE,United States,TX,28515.15,635.0,2024-07-09
TXN00000874,CUST00196,2024-02-16,transfer,13849.95,ACC0000000142,Los Angeles,EMP0006,  John   rodriguez,customer519@yahoo.com,7481239486,active,MEDIUM,MORTGAGE,BRANCH,CANADA,ny,17468.83,586.0,2024-11-23
TXN00000218,CUST00020,2025/10/18,Payment,-3437.7543661725495,ACC0000000205,,EMP0076,MARIA rodriguez,USER520@YAHOO.COM,7248793496,INACTIVE,Low,SAVINGS,atm,canada,,62323.05,,2025-04-19
TXN00000895,CUST00241,2026-02-28,deposit,3666.97,ACC0000000181,  PHILADELPHIA  ,EMP0023,michael   MILLER  ,customer521@gmail.com,4219876978,active,Low,investment,BRANCH,CANADA,FL,44868.34,305.0,2025-11-09
TXN00000052,CUST00114,2025-08-13,Withdrawal,7357.36,ACC0000000203,Los Angeles,EMP0043,MARIA Davis,customer522@yahoo.com,3173221483,Suspended,high,credit card,BRANCH,  Mexico  ,FL,72433.2,359.0,2026-05-17
TXN00000870,CUST00103,2024-09-28,TRANSFER,6719.25,ACC0000000208,SAN DIEGO,EMP0009,elizabeth   jones  ,customer523@yahoo.com,5352414600,,Medium,investment,atm,mexico,tx,9451.99,391.0,2024-07-18
TXN00000848,CUST00236,2025-10-28,Withdrawal,14409.78,ACC0000000103,San Antonio,EMP0016,JENNIFER   jones  ,customer524@yahoo.com,2858453073,SUSPENDED,MEDIUM,credit card,atm,mexico,ca,43193.69,797.0,2024-05-02
TXN00000129,CUST00180,2026-13-45,deposit,7145.01,ACC0000000266,SAN DIEGO,,elizabeth   johnson  ,customer525@gmail.com,4743808890,SUSPENDED,Medium,Checking,atm,United States,,,832.0,
TXN00001039,CUST00157,2024-08-03,DEPOSIT,8292.44,ACC0000000008,dallas,EMP0036,William SMITH,customer526@yahoo.com,4041946710,INACTIVE,Medium,Checking,BRANCH,USA,ny,59490.45,829.0,2025-03-11
TXN00000920,CUST00117,2026-02-24,transfer,5196.52,ACC0000000036,CHICAGO,EMP0019,MARIA Davis,customer527@bank.com,9256645822,ACTIVE,High,investment,  ONLINE  ,USA,  CA  ,41821.77,487.0,2024-01-28
TXN00000982,CUST00115,2025-08-08,Payment,12572.92,ACC0000000047,San Antonio,EMP0097,james Williams,customer528@bank.com,6788639123,,High,credit card,mobile,CANADA,,13868.77,464.0,2025-09-10
TXN00000222,CUST00013,2025-03-02,transfer,3916.97,ACC0000000282,SAN DIEGO,EMP0054,michael SMITH,customer529@yahoo.com,6466247552,Suspended,High,MORTGAGE,,United States,  NY  ,86141.08,568.0,2024-11-04
TXN00000239,CUST00338,2025/09/24,,12471.51,ACC0000000146,San Antonio,EMP0022,MARIA   MILLER  ,customer530@yahoo.com,3973563833,inactive,low,MORTGAGE,  Branch  ,USA,FL,53573.67,763.0,2024-08-20
TXN00000822,CUST00099,2025-10-16,withdrawal,1401.36,ACC0000000287,  NEW YORK  ,EMP0090,Robert GARCIA,customer531@bank.com,4028035605,active,high,SAVINGS,  Branch  ,,TX,94570.09,546.0,2025-08-10
TXN00001024,CUST00205,2024-02-01,,460.38,ACC0000000299,CHICAGO,EMP0048,elizabeth Davis,customer532@gmail.com,6022056105,Active,,SAVINGS,  ONLINE  ,mexico,FL,11596.93,392.0,2025-12-09
TXN00000776,CUST00169,2025-05-24,Transfer,792.28,ACC0000000179,  PHILADELPHIA  ,EMP0071,  LINDA   MARTINEZ,customer533@outlook.com,3699134372,inactive,low,credit card,mobile,USA,NY,32624.08,439.0,2026-03-21
TXN00000284,CUST00143,2025-10-04,PAYMENT,12814.63,ACC0000000178,dallas,EMP0022,Robert GARCIA,customer534@outlook.com,9395998101,SUSPENDED,High,credit card,mobile,mexico,  CA  ,95338.53,729.0,2024-05-06
TXN00000789,CUST00036,2025-07-12,Payment,11708.46,ACC0000000142,CHICAGO,EMP0057,james BROWN,customer535@hotmail.com,6565335451,inactive,High,credit card,  Branch  ,mexico,  NY  ,16701.25,374.0,2026-02-26
TXN00001027,CUST00396,2024-10-23,PAYMENT,3254.06,ACC0000000116,CHICAGO,EMP0032,james   johnson  ,customer536@yahoo.com,5267372762,Suspended,Medium,,mobile,  Mexico  ,FL,87980.13,698.0,2024-08-10
TXN00000623,CUST00143,2025-10-19,TRANSFER,3359.2,ACC0000000100,CHICAGO,EMP0075,elizabeth   jones  ,customer537@yahoo.com,8214928033,Inactive,Low,SAVINGS,  ONLINE  ,USA,ca,63541.74,682.0,2026-02-20
TXN00000409,CUST00180,2024-11-05,DEPOSIT,3415.43,ACC0000000233,CHICAGO,EMP0006,MARIA   MILLER  ,customer538@yahoo.com,4046806782,  Active  ,high,SAVINGS,atm,mexico,ny,1750.17,306.0,2025-02-11
TXN00000090,CUST00329,2025-05-09,Withdrawal,3140.63,ACC0000000207,  NEW YORK  ,EMP0018,William SMITH,customer539@outlook.com,5827472052,,  HIGH  ,credit card,  Branch  ,CANADA,CA,70418.9,793.0,2025-06-25
TXN00000057,CUST00261,01-08-2026,PAYMENT,$6550.71,ACC0000000295,San Antonio,,  John     MILLER  ,customer540@yahoo.com,,Inactive,MEDIUM,,  ONLINE  ,usa,,86778.98,367.0,2026-04-05
TXN00000339,CUST00205,2024-09-07,withdrawal,7723.55,ACC0000000003,Phoenix,EMP0013,MARIA SMITH,customer541@bank.com,6602711553,Suspended,,credit card,Mobile,  USA  ,ny,4205.92,360.0,2025-10-04
TXN00000444,CUST00348,2026-04-04,TRANSFER,12976.22,ACC0000000134,Phoenix,EMP0081,james Davis,customer542@yahoo.com,7233597714,inactive,Low,SAVINGS,mobile,usa,FL,6806.13,659.0,2025-12-11
TXN00000014,CUST00275,2026-04-06,Payment,14508.72,ACC0000000090,,EMP0079,  LINDA     MILLER  ,customer543@hotmail.com,5007189691,active,  HIGH  ,SAVINGS,BRANCH,,FL,2669.15,360.0,2024-03-29
TXN00000068,CUST00170,2025-12-02,TRANSFER,10248.89,ACC0000000209,Phoenix,EMP0049,elizabeth Davis,customer544@hotmail.com,5605071490,Active,High,Checking,,canada,NY,36955.49,393.0,2025-05-21
TXN00000008,CUST00015,2025-02-19,withdrawal,7137.75,ACC0000000260,CHICAGO,EMP0100,Robert MARTINEZ,customer545@bank.com,3172846286,Inactive,,MORTGAGE,MOBILE,canada,  CA  ,90604.53,418.0,2024-06-17
TXN00000184,CUST00060,2024-10-31,Withdrawal,2028.1,ACC0000000055,Los Angeles,EMP0021,elizabeth GARCIA,customer546@outlook.com,6399094046,SUSPENDED,Low,Loan,BRANCH,usa,NY,95702.32,680.0,2024-02-05
TXN00000587,CUST00134,2025-04-09,Withdrawal,2639.35,ACC0000000287,CHICAGO,EMP0003,michael   jones  ,customer547@yahoo.com,5663512190,inactive,  HIGH  ,SAVINGS,Online,,ca,56878.4,301.0,2024-07-22
TXN00000404,CUST00092,2024-03-15,DEPOSIT,12022.93,ACC0000000038,houston,EMP0063,MARIA Williams,customer548@hotmail.com,4207727089,,  HIGH  ,credit card,,  USA  ,  CA  ,77072.84,482.0,2024-05-04
TXN00001011,CUST00298,2025-12-06,PAYMENT,3395.36,ACC0000000258,  NEW YORK  ,EMP0011,james SMITH,customer549@outlook.com,5802486151,Inactive,,Checking,ATM,CANADA,NY,45695.89,774.0,2024-07-21
TXN00000302,CUST00136,2026/08/01,transfer,9144.74,ACC0000000151,dallas,EMP0001,  PATRICIA     johnson  ,user550@gmail,(325) 109-6219,Active,High,SAVINGS,,CANADA,ny,42895.72,411.0,
TXN00000166,CUST00020,2024-03-02,PAYMENT,14147.92,ACC0000000175,Phoenix,EMP0001,  John   BROWN,customer551@gmail.com,9041116388,  Active  ,High,  Checking  ,ATM,canada,  CA  ,78897.12,388.0,2025-01-22
TXN00001004,CUST00056,2024-06-10,transfer,10705.47,ACC0000000060,  NEW YORK  ,EMP0023,  John   BROWN,customer552@hotmail.com,4185766268,INACTIVE,,credit card,MOBILE,canada,TX,62667.73,622.0,2025-09-29
TXN00000815,CUST00306,2025-03-26,Withdrawal,10655.05,ACC0000000263,,EMP0012,  LINDA   Williams,customer553@outlook.com,4386752085,inactive,MEDIUM,,,mexico,TX,37717.91,490.0,2024-12-20
TXN00000607,CUST00223,2025-03-01,,4166.91,ACC0000000132,,EMP0091,  PATRICIA     MILLER  ,customer554@outlook.com,5943904476,ACTIVE,MEDIUM,Checking,ATM,usa,FL,59422.17,737.0,2024-12-25
TXN00001034,CUST00177,10-05-2025,,13437.47,ACC0000000276,,,William BROWN,customer555@yahoo.com,7393222686,inactive,high,,BRANCH,,,78059.65,382.0,2025-12-27
TXN00000897,CUST00374,2025-04-20,Withdrawal,12781.21,ACC0000000295,SAN DIEGO,EMP0084,MARIA   jones  ,customer556@outlook.com,7743842225,INACTIVE,MEDIUM,Checking,MOBILE,USA,CA,35455.18,344.0,2024-06-06
TXN00000545,CUST00161,2024-07-27,,6912.02,ACC0000000129,  NEW YORK  ,EMP0076,  LINDA   Williams,customer557@outlook.com,7877617909,,high,credit card,,mexico,TX,29219.32,671.0,2025-06-14
TXN00000216,CUST00224,2024-12-14,Transfer,3312.23,ACC0000000227,dallas,EMP0037,  LINDA     MILLER  ,customer558@outlook.com,8988748130,Active,High,  Checking  ,atm,United States,FL,84507.03,532.0,2026-03-05
TXN00000270,CUST00311,2025-09-13,deposit,4567.07,ACC0000000194,,EMP0054,  John     johnson  ,customer559@bank.com,5259326244,  Active  ,MEDIUM,credit card,Mobile,MEXICO,CA,94631.25,751.0,2025-02-04
TXN00000059,CUST00262,2024/05/27,,,ACC0000000289,houston,EMP0089,james Williams,,402-301-1813,INACTIVE,  HIGH  ,investment,BRANCH,canada,,,,2024-06-29
TXN00000382,CUST00060,2024-11-16,transfer,7833.54,ACC0000000248,houston,EMP0099,  LINDA   Davis,customer561@bank.com,7056101766,Active,Medium,Checking,mobile,  Mexico  ,tx,25876.84,354.0,2026-01-08
TXN00000033,CUST00198,2026-06-01,DEPOSIT,9372.91,ACC0000000125,dallas,EMP0061,  LINDA   SMITH,customer562@outlook.com,4815312953,INACTIVE,Medium,credit card,atm,MEXICO,  CA  ,84316.3,439.0,2024-01-28
TXN00000244,CUST00296,2026-01-05,DEPOSIT,8788.08,ACC0000000174,,EMP0089,  LINDA   MARTINEZ,customer563@yahoo.com,3275633803,SUSPENDED,,credit card,Mobile,USA,TX,14549.06,504.0,2025-09-07
TXN00000230,CUST00098,2024-11-22,Payment,159.85,ACC0000000235,,EMP0017,  PATRICIA   BROWN,customer564@outlook.com,8154347272,Suspended,High,credit card,  Branch  ,usa,ca,81198.69,344.0,2025-10-22
TXN00000399,CUST00131,2026-01-21,deposit,14991.47,ACC0000000236,San Antonio,EMP0027,Robert MARTINEZ,customer565@gmail.com,4426901348,Active,High,Checking,,USA,tx,46712.84,333.0,2024-07-09
TXN00000880,CUST00023,2026-05-31,withdrawal,14498.96,ACC0000000015,,EMP0019,michael SMITH,customer566@outlook.com,4911181076,INACTIVE,MEDIUM,  Checking  ,mobile,MEXICO,TX,1270.47,773.0,2025-08-12
TXN00000263,CUST00363,2024-12-19,transfer,12598.71,ACC0000000247,Los Angeles,EMP0082,JENNIFER SMITH,customer567@outlook.com,6723913147,INACTIVE,Medium,Checking,BRANCH,  USA  ,CA,5368.24,372.0,2026-01-13
TXN00000304,CUST00224,2025-02-12,Transfer,8443.78,ACC0000000060,dallas,EMP0035,MARIA   MILLER  ,customer568@gmail.com,6121379740,Active,  HIGH  ,credit card,Mobile,MEXICO,tx,6880.45,740.0,2025-10-08
TXN00000839,CUST00001,2024-05-13,transfer,8926.9,ACC0000000133,dallas,EMP0067,michael Davis,customer569@hotmail.com,7401406527,  Active  ,low,investment,  Branch  ,  Mexico  ,  CA  ,12732.45,621.0,2026-05-26
TXN00000592,CUST00267,01-08-2026,Withdrawal,4276.02,  ACC0000000035  ,  NEW YORK  ,,elizabeth MARTINEZ,customer570@bank.com,8601162137,Active,MEDIUM,investment,Online,  USA  ,NY,78576.46,315.0,2025-05-11
TXN00000258,CUST00276,2026-02-17,deposit,10281.98,ACC0000000196,houston,EMP0058,William   jones  ,customer571@bank.com,6811977800,SUSPENDED,  HIGH  ,SAVINGS,atm,MEXICO,ny,13141.04,304.0,2026-03-13
TXN00000114,CUST00352,2025-01-14,Withdrawal,7251.99,ACC0000000113,SAN DIEGO,EMP0053,  John   Davis,customer572@yahoo.com,9404085500,  Active  ,Low,investment,  ONLINE  ,mexico,,21514.73,795.0,2024-09-09
TXN00000929,CUST00369,2025-06-11,DEPOSIT,5077.44,ACC0000000118,Phoenix,EMP0031,michael Davis,customer573@bank.com,5248716665,SUSPENDED,Low,SAVINGS,,  Mexico  ,NY,80803.58,562.0,2024-12-18
TXN00000637,CUST00380,2025-07-29,Transfer,4183.42,ACC0000000162,dallas,EMP0023,William MARTINEZ,customer574@yahoo.com,6091816131,SUSPENDED,,credit card,Mobile,usa,,73931.62,388.0,2024-05-10
TXN00000373,CUST00378,2026-13-45,DEPOSIT,4910.8,ACC0000000212,SAN DIEGO,EMP0079,elizabeth Davis,customer575@hotmail.com,7057271771,active,,credit card,ATM,canada,FL,41844.7,816.0,
TXN00000402,CUST00344,2024-04-18,TRANSFER,4189.43,ACC0000000181,houston,EMP0089,  PATRICIA   SMITH,customer576@outlook.com,6024058447,SUSPENDED,,credit card,,mexico,NY,23755.24,619.0,2026-01-06
TXN00000837,CUST00101,2024-11-22,Payment,9858.99,ACC0000000265,  NEW YORK  ,EMP0005,William SMITH,customer577@outlook.com,7059692989,,MEDIUM,MORTGAGE,  ONLINE  ,usa,  NY  ,45483.25,635.0,2025-01-17
TXN00000507,CUST00187,2024-09-04,,14285.21,ACC0000000275,CHICAGO,EMP0077,michael MARTINEZ,customer578@hotmail.com,5827322683,ACTIVE,Medium,,  Branch  ,CANADA,FL,28340.83,600.0,2025-09-22
TXN00000865,CUST00221,2025-04-22,,9789.42,ACC0000000005,CHICAGO,EMP0024,JENNIFER rodriguez,customer579@outlook.com,2293291783,Active,Medium,credit card,  ONLINE  ,MEXICO,  NY  ,94377.75,532.0,2024-12-26
TXN00000267,CUST00036,2024/05/05,,2865.98,ACC0000000135,  NEW YORK  ,EMP0092,MARIA   jones  ,customer580@hotmail.com,2102422722,inactive,low,SAVINGS,mobile,MEXICO,NY,49409.44,444.0,2026-04-27
TXN00000155,CUST00341,2024-09-30,transfer,7783.54,ACC0000000128,  PHILADELPHIA  ,EMP0064,michael Davis,customer581@outlook.com,5309828138,Active,MEDIUM,Loan,ATM,  Mexico  ,,42956.72,834.0,2026-05-30
TXN00000901,CUST00170,2025-04-05,transfer,3642.52,ACC0000000148,  NEW YORK  ,EMP0079,MARIA Davis,customer582@bank.com,4312742442,  Active  ,,investment,MOBILE,USA,  CA  ,5219.72,779.0,2025-11-06
TXN00000986,CUST00320,2024-09-10,Payment,898.78,ACC0000000048,CHICAGO,EMP0012,elizabeth GARCIA,customer583@bank.com,3958417043,active,low,MORTGAGE,Online,USA,,2299.77,723.0,2025-11-30
TXN00000730,CUST00161,2024-05-24,PAYMENT,12866.86,ACC0000000205,  NEW YORK  ,EMP0081,  LINDA     MILLER  ,customer584@outlook.com,7501051860,active,High,SAVINGS,,MEXICO,CA,10645.4,518.0,2024-08-06
TXN00000032,CUST00340,09-04-2024,deposit,12159.93,ACC0000000176,dallas,,  John   Williams,customer585@gmail.com,4659031705,active,MEDIUM,investment,Online,mexico,ny,72949.54,722.0,2024-08-28
TXN00000816,CUST00064,2024-02-21,Withdrawal,6091.27,ACC0000000039,dallas,EMP0039,Robert BROWN,customer586@hotmail.com,3131495985,ACTIVE,,credit card,atm,  USA  ,CA,37258.14,652.0,2024-05-31
TXN00000434,CUST00369,2024-10-24,PAYMENT,4827.81,ACC0000000284,Phoenix,EMP0045,  LINDA   GARCIA,customer587@yahoo.com,2763706395,Suspended,  HIGH  ,Checking,MOBILE,usa,  NY  ,11632.81,434.0,2024-06-22
TXN00000608,CUST00154,2025-01-28,transfer,2141.95,ACC0000000092,  PHILADELPHIA  ,EMP0054,  LINDA   BROWN,customer588@outlook.com,9047277218,ACTIVE,Low,  Checking  ,Online,  USA  ,TX,59681.99,563.0,2024-06-03
TXN00000219,CUST00260,2026-06-03,,430.56,ACC0000000244,Los Angeles,EMP0001,William BROWN,customer589@yahoo.com,4768153790,Active,low,credit card,  Branch  ,canada,ca,86974.83,585.0,2025-10-17
TXN00000352,CUST00159,2025/09/22,withdrawal,7485.72,ACC0000000161,  NEW YORK  ,EMP0072,elizabeth GARCIA,customer590@yahoo.com,3416978548,SUSPENDED,Medium,credit card,Mobile,,  CA  ,11709.98,783.0,2025-12-10
TXN00000595,CUST00342,2025-03-04,deposit,4469.29,ACC0000000182,Los Angeles,EMP0031,elizabeth Davis,customer591@yahoo.com,3222296231,Active,Low,,MOBILE,,FL,34929.18,418.0,2026-02-28
TXN00000252,CUST00210,2024-09-11,Transfer,13608.33,ACC0000000112,San Antonio,EMP0025,james   jones  ,customer592@gmail.com,3518717771,inactive,high,credit card,Online,usa,FL,7019.44,723.0,2026-04-14
TXN00000365,CUST00168,2026-06-05,PAYMENT,6098.75,ACC0000000294,CHICAGO,EMP0016,michael   MILLER  ,customer593@gmail.com,8525573004,ACTIVE,High,investment,atm,mexico,TX,9359.06,390.0,2025-03-29
TXN00000228,CUST00207,2024-06-12,DEPOSIT,11064.14,ACC0000000138,CHICAGO,EMP0068,JENNIFER Davis,customer594@bank.com,7346404940,,high,MORTGAGE,  Branch  ,usa,  NY  ,51327.94,827.0,2024-08-20
TXN00000740,CUST00357,2026-04-13,TRANSFER,8766.2,ACC0000000094,Phoenix,EMP0013,james MARTINEZ,customer595@hotmail.com,7915899029,INACTIVE,Low,Loan,atm,usa,CA,,444.0,2025-12-17
TXN00000889,CUST00152,2024-12-01,Withdrawal,14921.57,ACC0000000098,dallas,EMP0080,  PATRICIA     jones  ,customer596@outlook.com,4874298908,Inactive,high,SAVINGS,,MEXICO,,41450.1,785.0,2025-09-22
TXN00000866,CUST00284,2025-08-14,DEPOSIT,12249.42,ACC0000000256,dallas,EMP0047,MARIA Davis,customer597@outlook.com,4311945322,  Active  ,high,MORTGAGE,Mobile,mexico,  CA  ,11064.98,507.0,2024-07-13
TXN00000826,CUST00066,2026-01-08,DEPOSIT,5180.35,ACC0000000103,dallas,EMP0098,james Williams,customer598@outlook.com,9844032356,Active,high,SAVINGS,  Branch  ,mexico,TX,6334.42,618.0,2025-06-18
TXN00000657,CUST00099,2024-11-16,withdrawal,10714.87,ACC0000000121,SAN DIEGO,EMP0070,  PATRICIA   Williams,customer599@outlook.com,5616714971,inactive,  HIGH  ,  Checking  ,Mobile,usa,FL,71549.5,384.0,2025-09-09
TXN00000546,CUST00216,,deposit,$6894.55,ACC0000000124,CHICAGO,,elizabeth Davis,user600@gmail,(875) 762-4373,inactive,Low,Checking,Mobile,  USA  ,  NY  ,33881.79,,
TXN00000493,CUST00341,2024-07-13,TRANSFER,9592.79,ACC0000000136,,EMP0065,MARIA   MILLER  ,customer601@hotmail.com,9111792231,active,Low,investment,Mobile,,,96908.76,518.0,2025-09-14
TXN00000627,CUST00195,2026-02-20,deposit,7162.24,ACC0000000106,dallas,EMP0029,  LINDA     jones  ,customer602@outlook.com,7061614481,  Active  ,High,credit card,mobile,United States,  CA  ,81486.72,372.0,2024-06-27
TXN00000320,CUST00347,2024-06-12,PAYMENT,14112.99,ACC0000000118,  PHILADELPHIA  ,EMP0060,  PATRICIA   BROWN,customer603@outlook.com,2137864541,inactive,low,  Checking  ,atm,,TX,29484.8,336.0,2024-01-02
TXN00000712,CUST00384,2025-05-25,Payment,5409.53,ACC0000000104,  NEW YORK  ,EMP0099,William SMITH,customer604@hotmail.com,6799387308,,Medium,Loan,MOBILE,usa,ny,97026.96,564.0,2024-10-21
TXN00000300,CUST00090,2025-06-11,,4537.91,ACC0000000128,Los Angeles,EMP0081,  John   GARCIA,customer605@bank.com,3925992712,Active,,MORTGAGE,  ONLINE  ,United States,ca,95434.86,640.0,2025-01-07
TXN00000281,CUST00316,2025-04-23,PAYMENT,2591.3,ACC0000000183,Phoenix,EMP0085,Robert GARCIA,customer606@gmail.com,5483139644,Suspended,high,MORTGAGE,atm,USA,,49711.28,346.0,2026-05-23
TXN00000542,CUST00292,2025-05-25,deposit,9881.34,ACC0000000080,  PHILADELPHIA  ,EMP0027,james Williams,customer607@outlook.com,7269796134,Suspended,,Checking,MOBILE,MEXICO,TX,20749.96,457.0,2025-04-30
TXN00000167,CUST00155,2026-06-19,PAYMENT,8395.81,ACC0000000055,  PHILADELPHIA  ,EMP0036,William SMITH,customer608@gmail.com,9784198438,Active,high,,  Branch  ,MEXICO,FL,40661.1,660.0,2025-12-08
TXN00000787,CUST00208,2024-11-11,DEPOSIT,4442.07,ACC0000000062,San Antonio,EMP0007,MARIA GARCIA,customer609@gmail.com,8712579265,ACTIVE,high,investment,  Branch  ,canada,TX,12306.38,712.0,2025-12-11
TXN00000773,CUST00281,2025/05/24,PAYMENT,7088.17,ACC0000000041,Los Angeles,EMP0025,michael   johnson  ,customer610@outlook.com,3082334584,Inactive,high,  Checking  ,Mobile,canada,  NY  ,20458.81,527.0,2026-04-28
TXN00000747,CUST00001,2024-01-24,PAYMENT,11126.74,ACC0000000253,San Antonio,EMP0015,elizabeth BROWN,customer611@bank.com,5724948412,,high,MORTGAGE,  ONLINE  ,usa,TX,2725.53,487.0,2026-03-11
TXN00000151,CUST00156,2024-04-02,deposit,10891.54,ACC0000000004,SAN DIEGO,EMP0020,MARIA rodriguez,customer612@yahoo.com,8356254326,active,Medium,Checking,Online,canada,ca,44074.51,370.0,2026-05-01
TXN00001021,CUST00147,2025-02-06,DEPOSIT,8407.52,ACC0000000278,Los Angeles,EMP0088,  PATRICIA   Davis,customer613@yahoo.com,9985094079,INACTIVE,MEDIUM,SAVINGS,Online,,NY,35544.42,779.0,2024-08-15
TXN00000851,CUST00108,2025-06-01,TRANSFER,13693.74,ACC0000000022,Phoenix,EMP0061,Robert GARCIA,customer614@outlook.com,2703847931,ACTIVE,high,investment,Online,canada,CA,86081.05,603.0,2026-03-11
TXN00000569,CUST00221,13-04-2025,Transfer,14206.5,ACC0000000247,,,JENNIFER SMITH,customer615@hotmail.com,3688026032,active,Low,SAVINGS,Online,MEXICO,,67960.25,518.0,2024-12-28
TXN00000221,CUST00297,2024-09-03,DEPOSIT,13498.89,ACC0000000191,CHICAGO,EMP0064,William   jones  ,customer616@hotmail.com,7917632672,SUSPENDED,  HIGH  ,  Checking  ,Mobile,canada,tx,45235.16,668.0,2024-08-18
TXN00000632,CUST00311,2024-08-08,Transfer,9833.8,ACC0000000162,Los Angeles,EMP0023,james rodriguez,customer617@bank.com,3505722755,Active,High,credit card,  Branch  ,MEXICO,TX,70637.37,748.0,2024-05-12
TXN00000890,CUST00336,2025-08-20,deposit,3372.69,ACC0000000253,Phoenix,EMP0021,elizabeth   johnson  ,customer618@outlook.com,9622124941,INACTIVE,low,credit card,BRANCH,usa,ca,60019.87,562.0,2024-08-20
TXN00000360,CUST00165,2024-12-27,DEPOSIT,3388.75,ACC0000000295,  PHILADELPHIA  ,EMP0086,  John   Davis,customer619@hotmail.com,2165714064,  Active  ,,  Checking  ,MOBILE,  Mexico  ,  CA  ,50121.24,836.0,2025-03-09
TXN00000489,CUST00239,2024/02/19,withdrawal,13077.91,ACC0000000141,SAN DIEGO,EMP0006,  LINDA     johnson  ,customer620@gmail.com,4731298802,Inactive,Medium,credit card,MOBILE,USA,NY,21251.63,547.0,2025-03-13
TXN00000573,CUST00227,2024-02-21,Payment,6336.06,ACC0000000252,San Antonio,EMP0007,MARIA MARTINEZ,customer621@outlook.com,8776438416,,low,  Checking  ,BRANCH,MEXICO,,56564.53,645.0,2024-03-30
TXN00000334,CUST00227,2024-10-15,,13308.31,ACC0000000094,SAN DIEGO,EMP0083,elizabeth   johnson  ,customer622@outlook.com,5603712938,Suspended,Medium,MORTGAGE,Mobile,  Mexico  ,  NY  ,34042.51,455.0,2025-06-03
TXN00000954,CUST00346,2025-05-21,withdrawal,5606.65,ACC0000000262,houston,EMP0047,William SMITH,customer623@yahoo.com,7631866806,active,Low,,BRANCH,usa,FL,99976.11,730.0,2024-12-24
TXN00000534,CUST00110,2025-09-03,,8804.28,ACC0000000144,houston,EMP0037,William   johnson  ,customer624@yahoo.com,6413173467,Active,Low,Loan,MOBILE,mexico,  NY  ,80561.69,842.0,2024-02-05
TXN00000370,CUST00262,2026-13-45,withdrawal,6983.22,ACC0000000204,dallas,EMP0027,james   johnson  ,customer625@outlook.com,6066148059,INACTIVE,Medium,Checking,Online,MEXICO,ca,77923.48,361.0,
TXN00001016,CUST00243,2026-05-13,deposit,1810.83,ACC0000000114,  NEW YORK  ,EMP0056,  PATRICIA   GARCIA,customer626@gmail.com,7204411870,INACTIVE,Low,,BRANCH,USA,ny,61089.31,715.0,2025-04-25
TXN00000433,CUST00377,2025-10-31,,852.47,ACC0000000296,Los Angeles,EMP0033,james   jones  ,customer627@hotmail.com,6513797058,,  HIGH  ,,MOBILE,  USA  ,NY,16501.86,579.0,2025-02-10
TXN00000479,CUST00087,2025-11-19,Withdrawal,9534.23,ACC0000000066,dallas,EMP0043,  LINDA   rodriguez,customer628@gmail.com,3001507267,inactive,Low,  Checking  ,  Branch  ,usa,ny,81176.74,745.0,2024-04-03
TXN00000806,CUST00338,2025-04-26,PAYMENT,8725.68,ACC0000000028,SAN DIEGO,EMP0079,  LINDA     johnson  ,customer629@yahoo.com,9495324177,ACTIVE,high,MORTGAGE,,usa,TX,93935.3,339.0,2024-02-20
TXN00000212,CUST00044,01-08-2026,Payment,9328.79,  ACC0000000270  ,Los Angeles,,james GARCIA,,,inactive,,,Online,,,,739.0,2025-07-18
TXN00000174,CUST00146,2024-10-19,Withdrawal,7109.68,ACC0000000217,,EMP0098,JENNIFER Williams,customer631@hotmail.com,5012937597,SUSPENDED,Low,investment,Online,USA,  CA  ,92274.96,758.0,2025-04-15
TXN00000943,CUST00264,2025-07-03,withdrawal,2958.43,ACC0000000245,dallas,EMP0059,MARIA BROWN,customer632@bank.com,3807085520,  Active  ,,investment,Mobile,usa,NY,83994.74,498.0,2024-02-16
TXN00000205,CUST00340,2024-01-09,withdrawal,1841.25,ACC0000000277,Phoenix,EMP0006,  LINDA     MILLER  ,customer633@outlook.com,7427229087,ACTIVE,high,SAVINGS,,CANADA,FL,89074.01,524.0,2025-06-07
TXN00000785,CUST00325,2026-05-17,Withdrawal,10226.43,ACC0000000017,San Antonio,EMP0014,  John   BROWN,customer634@yahoo.com,7315432788,  Active  ,high,,BRANCH,USA,ny,44244.08,557.0,2024-07-10
TXN00000615,CUST00318,2024-04-20,Withdrawal,7971.09,ACC0000000258,dallas,EMP0095,  LINDA   GARCIA,customer635@hotmail.com,8971515078,SUSPENDED,MEDIUM,,Mobile,CANADA,,15742.44,606.0,2025-02-02
TXN00000049,CUST00172,2025-03-17,Transfer,6225.95,ACC0000000178,  PHILADELPHIA  ,EMP0007,Robert rodriguez,customer636@yahoo.com,3133242887,ACTIVE,Low,investment,mobile,mexico,ny,35970.14,815.0,2025-09-13
TXN00000987,CUST00048,2024-05-17,transfer,13069.19,ACC0000000202,Phoenix,EMP0069,james   johnson  ,customer637@bank.com,2541365361,ACTIVE,Medium,credit card,Online,  Mexico  ,CA,7343.38,499.0,2025-05-24
TXN00000460,CUST00385,2024-09-27,Payment,2304.14,ACC0000000090,SAN DIEGO,EMP0023,Robert GARCIA,customer638@bank.com,4441679718,ACTIVE,High,investment,BRANCH,canada,CA,24814.24,610.0,2026-03-17
TXN00000412,CUST00121,2026-01-14,PAYMENT,14885.6,ACC0000000235,dallas,EMP0021,michael GARCIA,customer639@yahoo.com,3033824710,active,MEDIUM,MORTGAGE,MOBILE,usa,  CA  ,14683.98,481.0,2024-05-03
TXN00000763,CUST00345,2025/01/09,transfer,,ACC0000000062,dallas,EMP0004,  PATRICIA   Williams,USER640@YAHOO.COM,8358167628,ACTIVE,,SAVINGS,  Branch  ,MEXICO,tx,85521.21,,2026-02-21
TXN00000131,CUST00159,2026-02-21,Withdrawal,5172.91,ACC0000000266,  PHILADELPHIA  ,EMP0063,William   MILLER  ,customer641@gmail.com,6015022659,active,MEDIUM,Loan,  Branch  ,  USA  ,NY,2879.08,625.0,2025-06-01
TXN00000192,CUST00116,2025-02-16,Withdrawal,14808.51,ACC0000000236,CHICAGO,EMP0066,  PATRICIA   Williams,customer642@gmail.com,4258515395,inactive,MEDIUM,Checking,MOBILE,,CA,6700.51,533.0,2026-04-06
TXN00000079,CUST00102,2025-01-09,Transfer,13398.03,ACC0000000162,dallas,EMP0015,michael   MILLER  ,customer643@gmail.com,7073103802,  Active  ,  HIGH  ,MORTGAGE,BRANCH,canada,CA,27334.43,691.0,2024-06-11
TXN00000459,CUST00076,2024-02-16,Payment,14800.41,ACC0000000005,dallas,EMP0010,michael Davis,customer644@outlook.com,4084555718,Active,  HIGH  ,MORTGAGE,atm,United States,,42065.6,605.0,2026-04-29
TXN00000644,CUST00013,14-02-2025,Payment,2191.2,ACC0000000007,,,William GARCIA,customer645@outlook.com,9227105718,active,,SAVINGS,Mobile,usa,TX,10916.55,715.0,2026-05-24
TXN00000617,CUST00024,2024-02-22,TRANSFER,12942.79,ACC0000000108,SAN DIEGO,EMP0031,  John   Davis,customer646@bank.com,9511032544,Active,  HIGH  ,Checking,  Branch  ,mexico,FL,96543.01,441.0,2024-07-23
TXN00000790,CUST00126,2025-08-06,DEPOSIT,2746.33,ACC0000000195,,EMP0093,james SMITH,customer647@gmail.com,3896158811,Inactive,high,SAVINGS,mobile,  USA  ,TX,63056.93,348.0,2025-01-25
TXN00000044,CUST00244,2025-07-29,transfer,1258.13,ACC0000000298,,EMP0057,William   johnson  ,customer648@bank.com,9564124909,inactive,Low,investment,  ONLINE  ,  USA  ,TX,3468.4,638.0,2024-02-09
TXN00000756,CUST00313,2024-07-18,DEPOSIT,5022.81,ACC0000000052,CHICAGO,EMP0076,MARIA GARCIA,customer649@yahoo.com,3744222137,SUSPENDED,low,SAVINGS,Online,,ca,7713.31,642.0,2024-04-11
TXN00000778,CUST00394,2026/08/01,,14800.27,ACC0000000167,dallas,EMP0075,JENNIFER   MILLER  ,user650@gmail,(370) 291-6442,ACTIVE,  HIGH  ,SAVINGS,BRANCH,usa,CA,12531.47,354.0,
TXN00000050,CUST00038,2025-01-06,withdrawal,4735.54,ACC0000000186,houston,EMP0042,james   MILLER  ,customer651@outlook.com,6662451208,Inactive,  HIGH  ,  Checking  ,BRANCH,USA,ca,45246.21,756.0,2024-01-15
TXN00000488,CUST00234,2025-07-20,deposit,917.3,ACC0000000133,Phoenix,EMP0054,  John     MILLER  ,customer652@yahoo.com,8825858011,INACTIVE,low,credit card,Mobile,CANADA,TX,49079.71,754.0,2025-05-18
TXN00000379,CUST00213,2024-10-22,deposit,6808.2,ACC0000000096,houston,EMP0026,  John   Williams,customer653@outlook.com,5421213908,Inactive,high,SAVINGS,MOBILE,United States,,47268.5,583.0,2024-05-07
TXN00000191,CUST00323,2024-03-16,Payment,3180.27,ACC0000000281,  NEW YORK  ,EMP0096,elizabeth SMITH,customer654@hotmail.com,4701783797,active,Medium,Loan,mobile,  USA  ,NY,91479.01,351.0,2024-06-08
TXN00000067,CUST00295,2025-01-30,PAYMENT,11614.46,ACC0000000135,Los Angeles,EMP0087,William   jones  ,customer655@hotmail.com,8958781159,INACTIVE,Medium,SAVINGS,atm,  USA  ,ca,4697.72,702.0,2025-02-09
TXN00000957,CUST00100,2025-05-31,DEPOSIT,8665.37,ACC0000000122,  NEW YORK  ,EMP0042,michael   MILLER  ,customer656@bank.com,8084608763,Active,MEDIUM,credit card,MOBILE,canada,ca,75153.24,668.0,2024-04-12
TXN00000031,CUST00368,2025-04-06,TRANSFER,2418.61,ACC0000000138,,EMP0030,William   jones  ,customer657@bank.com,7971019000,Suspended,  HIGH  ,investment,BRANCH,United States,NY,27006.72,759.0,2024-12-28
TXN00000688,CUST00357,2026-02-21,PAYMENT,11788.9,ACC0000000242,Los Angeles,EMP0100,JENNIFER GARCIA,customer658@outlook.com,4535832792,INACTIVE,  HIGH  ,SAVINGS,,  Mexico  ,FL,24359.25,643.0,2025-10-22
TXN00000288,CUST00197,2025-07-17,,11707.3,ACC0000000176,houston,EMP0015,  John     jones  ,customer659@bank.com,2469381284,active,High,credit card,atm,USA,  NY  ,77059.0,660.0,2026-05-15
TXN00000713,CUST00254,01-08-2026,deposit,$1381.12,ACC0000000188,dallas,,William MARTINEZ,customer660@hotmail.com,7807965762,INACTIVE,high,credit card,Online,canada,CA,55651.43,381.0,2026-04-23
TXN00000601,CUST00205,2024-10-13,transfer,6533.99,ACC0000000095,San Antonio,EMP0042,james   MILLER  ,customer661@outlook.com,4336379243,active,High,Loan,Mobile,MEXICO,CA,82234.2,672.0,2025-07-20
TXN00000344,CUST00125,2026-04-25,Withdrawal,6469.68,ACC0000000256,San Antonio,EMP0030,  LINDA   BROWN,customer662@gmail.com,3718733401,  Active  ,high,SAVINGS,atm,,ca,56729.16,706.0,2024-08-15
TXN00001001,CUST00076,2025-09-30,transfer,6463.93,ACC0000000218,  NEW YORK  ,EMP0013,William MARTINEZ,customer663@gmail.com,9931962638,inactive,high,SAVINGS,  Branch  ,United States,TX,70293.45,463.0,2025-07-25
TXN00000523,CUST00336,2025-11-27,Withdrawal,7187.13,ACC0000000108,  PHILADELPHIA  ,EMP0031,elizabeth Davis,customer664@bank.com,5119236499,Suspended,High,  Checking  ,MOBILE,CANADA,,71043.23,510.0,2025-11-25
TXN00000182,CUST00353,2025-09-17,transfer,119.8,ACC0000000215,  PHILADELPHIA  ,EMP0095,JENNIFER   MILLER  ,customer665@hotmail.com,6636026747,Inactive,MEDIUM,  Checking  ,mobile,canada,CA,,487.0,2025-07-27
TXN00000801,CUST00003,2024-05-01,DEPOSIT,8030.05,ACC0000000191,SAN DIEGO,EMP0053,  PATRICIA     jones  ,customer666@yahoo.com,7583638970,Inactive,MEDIUM,investment,Online,United States,FL,69947.37,309.0,2025-10-09
TXN00000980,CUST00385,2024-05-11,deposit,10973.35,ACC0000000187,houston,EMP0026,MARIA SMITH,customer667@hotmail.com,4594738516,INACTIVE,,credit card,Mobile,USA,ny,57842.72,334.0,2024-07-06
TXN00000840,CUST00395,2024-04-09,deposit,14253.53,ACC0000000206,  NEW YORK  ,EMP0049,William GARCIA,customer668@yahoo.com,2139476777,Inactive,low,SAVINGS,  ONLINE  ,  Mexico  ,ca,32189.65,641.0,2025-12-24
TXN00001042,CUST00055,2025-02-07,PAYMENT,13385.5,ACC0000000144,houston,EMP0029,michael Williams,customer669@outlook.com,5088276467,active,MEDIUM,credit card,Online,United States,ny,67103.26,632.0,2024-04-01
TXN00000729,CUST00399,2025/01/17,transfer,11364.87,ACC0000000231,Phoenix,EMP0010,William rodriguez,customer670@hotmail.com,7308938935,INACTIVE,High,credit card,  ONLINE  ,,FL,71065.16,409.0,2026-05-29
TXN00000308,CUST00218,2026-03-24,withdrawal,7988.96,ACC0000000093,Phoenix,EMP0061,Robert BROWN,customer671@gmail.com,3153769508,INACTIVE,High,Checking,,  Mexico  ,ca,32349.92,343.0,2025-05-19
TXN00000160,CUST00113,2024-12-13,TRANSFER,317.85,ACC0000000293,Los Angeles,EMP0075,MARIA rodriguez,customer672@yahoo.com,9457551339,SUSPENDED,low,investment,  Branch  ,United States,  NY  ,18039.94,805.0,2025-11-13
TXN00000181,CUST00091,2025-07-25,transfer,111.65,ACC0000000068,Phoenix,EMP0063,William   jones  ,customer673@outlook.com,3515204608,INACTIVE,high,SAVINGS,,canada,CA,26296.65,616.0,2026-03-23
TXN00000054,CUST00357,2025-01-09,transfer,11017.37,ACC0000000295,Phoenix,EMP0007,William GARCIA,customer674@gmail.com,8752456852,ACTIVE,low,credit card,ATM,MEXICO,tx,61276.07,328.0,2026-05-12
TXN00000861,CUST00266,2026-13-45,DEPOSIT,3432.67,ACC0000000118,SAN DIEGO,,james SMITH,customer675@gmail.com,7091315003,SUSPENDED,Medium,SAVINGS,  ONLINE  ,mexico,TX,4751.88,404.0,
TXN00001046,CUST00238,2026-02-12,withdrawal,13160.93,ACC0000000052,SAN DIEGO,EMP0056,  John   rodriguez,customer676@gmail.com,7918588056,inactive,  HIGH  ,  Checking  ,BRANCH,  USA  ,  CA  ,59374.93,539.0,2025-10-07
TXN00000109,CUST00026,2024-05-27,deposit,4715.78,ACC0000000139,  PHILADELPHIA  ,EMP0019,elizabeth   jones  ,customer677@outlook.com,5683112462,  Active  ,low,credit card,Online,  Mexico  ,,65011.82,402.0,2025-03-21
TXN00000080,CUST00286,2024-07-22,DEPOSIT,1585.49,ACC0000000121,  NEW YORK  ,EMP0028,  PATRICIA     jones  ,customer678@bank.com,3984862768,inactive,high,Loan,atm,,NY,60195.4,385.0,2025-12-25
TXN00001030,CUST00128,2025-09-08,Payment,7574.88,ACC0000000285,Los Angeles,EMP0079,michael rodriguez,customer679@outlook.com,4809989927,inactive,Medium,SAVINGS,atm,  Mexico  ,FL,50193.68,402.0,2026-02-19
TXN00000672,CUST00063,2025/06/05,TRANSFER,-1599.9639512479225,ACC0000000222,  PHILADELPHIA  ,EMP0059,MARIA SMITH,USER680@YAHOO.COM,6609979632,,,credit card,  Branch  ,,tx,91345.02,,2024-09-25
TXN00000115,CUST00234,2025-02-15,DEPOSIT,1026.04,ACC0000000196,  PHILADELPHIA  ,EMP0023,JENNIFER   jones  ,customer681@hotmail.com,3793716715,SUSPENDED,Medium,SAVINGS,Mobile,MEXICO,TX,78549.26,773.0,2025-06-30
TXN00000927,CUST00069,2025-05-27,withdrawal,733.49,ACC0000000101,San Antonio,EMP0050,William GARCIA,customer682@outlook.com,5395007836,active,high,SAVINGS,Online,MEXICO,  CA  ,53389.6,819.0,2026-05-30
TXN00000966,CUST00238,2024-02-11,deposit,14229.53,ACC0000000075,dallas,EMP0048,MARIA SMITH,customer683@yahoo.com,4824164122,Active,Low,  Checking  ,  Branch  ,United States,CA,49789.62,697.0,2024-09-21
TXN00000907,CUST00342,2024-02-16,withdrawal,6866.1,ACC0000000077,dallas,EMP0018,MARIA Davis,customer684@yahoo.com,2426939520,  Active  ,,,Mobile,,  NY  ,23144.39,397.0,2026-03-09
TXN00000189,CUST00272,2024-02-09,,7828.31,ACC0000000243,  NEW YORK  ,EMP0059,Robert MARTINEZ,customer685@hotmail.com,9184513014,Suspended,Low,Loan,,usa,NY,7446.75,319.0,2025-02-16
TXN00000429,CUST00287,2024-05-20,Withdrawal,7885.56,ACC0000000005,CHICAGO,EMP0093,  John   Davis,customer686@yahoo.com,6439148455,active,High,Loan,BRANCH,  Mexico  ,ny,46861.53,445.0,2025-05-04
TXN00000143,CUST00305,2025-12-31,Withdrawal,6533.3,ACC0000000091,houston,EMP0025,JENNIFER BROWN,customer687@yahoo.com,7809116685,,high,  Checking  ,Online,MEXICO,ny,44462.72,636.0,2024-07-24
TXN00000629,CUST00163,2024-12-07,transfer,10317.36,ACC0000000216,  PHILADELPHIA  ,EMP0081,elizabeth MARTINEZ,customer688@yahoo.com,4952121136,  Active  ,Low,SAVINGS,ATM,,CA,12907.52,602.0,2024-11-28
TXN00000116,CUST00387,2026-04-03,withdrawal,2050.15,ACC0000000256,  PHILADELPHIA  ,EMP0046,William MARTINEZ,customer689@outlook.com,7108013410,Inactive,high,,,CANADA,tx,42043.05,755.0,2025-03-29
TXN00000220,CUST00227,01-08-2026,transfer,14942.28,  ACC0000000069  ,,,  PATRICIA   GARCIA,customer690@yahoo.com,6777973461,Suspended,Low,investment,atm,USA,tx,60695.71,698.0,2026-02-10
TXN00000389,CUST00314,2025-04-30,Withdrawal,7378.17,ACC0000000265,,EMP0035,Robert   jones  ,customer691@bank.com,7353963664,inactive,High,SAVINGS,Mobile,usa,tx,75240.77,355.0,2024-09-25
TXN00000813,CUST00369,2025-06-15,Withdrawal,11264.23,ACC0000000274,  NEW YORK  ,EMP0026,elizabeth Williams,customer692@gmail.com,5105985722,INACTIVE,high,Loan,  ONLINE  ,  Mexico  ,FL,11103.49,481.0,2024-05-14
TXN00000570,CUST00259,2025-04-12,withdrawal,2515.01,ACC0000000162,CHICAGO,EMP0043,michael rodriguez,customer693@outlook.com,2669185828,Inactive,,Checking,atm,,ny,90899.5,472.0,2024-05-28
TXN00000346,CUST00219,2024-06-01,PAYMENT,13608.07,ACC0000000250,,EMP0017,  PATRICIA     johnson  ,customer694@bank.com,2155641670,inactive,Medium,Loan,,United States,TX,95589.75,324.0,2024-08-02
TXN00000472,CUST00281,2025-09-12,,12189.52,ACC0000000154,CHICAGO,EMP0005,JENNIFER rodriguez,customer695@yahoo.com,4223893022,,Low,Checking,,MEXICO,  CA  ,15695.55,715.0,2024-08-09
TXN00000286,CUST00229,2025-06-11,withdrawal,335.91,ACC0000000129,,EMP0089,elizabeth BROWN,customer696@yahoo.com,2546006010,,  HIGH  ,credit card,MOBILE,  USA  ,CA,49010.59,679.0,2025-12-08
TXN00000913,CUST00082,2024-05-23,,3403.6,ACC0000000288,SAN DIEGO,EMP0073,JENNIFER Davis,customer697@yahoo.com,2055406771,INACTIVE,  HIGH  ,credit card,  ONLINE  ,,tx,95302.09,539.0,2024-06-05
TXN00000800,CUST00381,2024-12-01,withdrawal,14773.95,ACC0000000291,  PHILADELPHIA  ,EMP0008,MARIA Williams,customer698@gmail.com,8769541010,ACTIVE,Medium,Checking,mobile,  USA  ,  CA  ,49017.12,622.0,2024-05-25
TXN00000578,CUST00244,2025-09-19,PAYMENT,3207.29,ACC0000000025,,EMP0036,michael   MILLER  ,customer699@yahoo.com,2513573256,,High,MORTGAGE,mobile,,TX,57530.77,574.0,2024-06-14
TXN00000137,CUST00231,,TRANSFER,377.6,ACC0000000204,San Antonio,EMP0018,MARIA   johnson  ,,558-999-5641,Inactive,,credit card,  ONLINE  ,usa,TX,,385.0,
TXN00000863,CUST00133,2024-11-22,withdrawal,7594.27,ACC0000000051,  NEW YORK  ,EMP0015,  John     MILLER  ,customer701@yahoo.com,7147813540,INACTIVE,  HIGH  ,  Checking  ,MOBILE,United States,  CA  ,25575.94,481.0,2025-12-30
TXN00000588,CUST00385,2024-06-15,withdrawal,1891.27,ACC0000000084,SAN DIEGO,EMP0060,james Davis,customer702@hotmail.com,2888305434,Inactive,High,Checking,ATM,  USA  ,FL,83260.73,300.0,2025-06-04
TXN00001009,CUST00127,2025-02-06,deposit,10681.1,ACC0000000031,Phoenix,EMP0059,  PATRICIA   Davis,customer703@outlook.com,3468504223,SUSPENDED,  HIGH  ,credit card,ATM,USA,  CA  ,76457.32,384.0,2024-01-18
TXN00000766,CUST00327,2025-09-23,PAYMENT,11892.3,ACC0000000111,dallas,EMP0054,MARIA GARCIA,customer704@outlook.com,6426992322,INACTIVE,low,SAVINGS,  ONLINE  ,United States,  NY  ,44252.48,438.0,2025-10-11
TXN00000548,CUST00142,27-01-2026,transfer,5659.13,ACC0000000131,  PHILADELPHIA  ,,William   MILLER  ,customer705@bank.com,4973241526,Active,  HIGH  ,  Checking  ,Online,United States,CA,21882.61,486.0,2024-04-18
TXN00000366,CUST00393,2026-05-12,Transfer,9622.8,ACC0000000244,SAN DIEGO,EMP0022,elizabeth rodriguez,customer706@gmail.com,6844635075,ACTIVE,MEDIUM,SAVINGS,  ONLINE  ,USA,,69199.53,748.0,2026-02-11
TXN00000004,CUST00399,2024-11-02,deposit,11580.18,ACC0000000050,SAN DIEGO,EMP0098,William   MILLER  ,customer707@yahoo.com,8947527328,,low,credit card,  Branch  ,usa,ca,52023.42,621.0,2025-09-14
TXN00000597,CUST00267,2025-08-30,Transfer,9365.86,ACC0000000231,  NEW YORK  ,EMP0044,Robert MARTINEZ,customer708@gmail.com,6325082607,active,Medium,Loan,  Branch  ,  Mexico  ,tx,59506.53,665.0,2024-10-26
TXN00000933,CUST00249,2024-12-10,PAYMENT,8929.16,ACC0000000172,houston,EMP0029,  LINDA     MILLER  ,customer709@hotmail.com,4674096091,SUSPENDED,Medium,MORTGAGE,Online,  USA  ,tx,29621.48,360.0,2024-09-16
TXN00000858,CUST00321,2025/06/03,withdrawal,767.01,ACC0000000134,dallas,EMP0038,  LINDA   Davis,customer710@gmail.com,3776778140,active,high,credit card,mobile,United States,TX,57277.79,310.0,2024-06-06
TXN00000350,CUST00123,2026-04-28,Payment,1666.3,ACC0000000185,  PHILADELPHIA  ,EMP0078,michael Williams,customer711@outlook.com,8959966283,SUSPENDED,low,SAVINGS,  ONLINE  ,MEXICO,CA,12279.91,461.0,2024-12-20
TXN00000461,CUST00141,2025-06-05,Withdrawal,12549.99,ACC0000000185,  PHILADELPHIA  ,EMP0021,james rodriguez,customer712@gmail.com,7922424268,  Active  ,Medium,credit card,,usa,  CA  ,61444.07,727.0,2025-07-27
TXN00000036,CUST00226,2025-06-29,,771.11,ACC0000000287,Los Angeles,EMP0082,james Davis,customer713@hotmail.com,4562387820,inactive,  HIGH  ,Loan,BRANCH,,FL,80894.33,351.0,2025-11-17
TXN00000955,CUST00040,2025-05-16,,1781.06,ACC0000000286,CHICAGO,EMP0079,  LINDA   Williams,customer714@gmail.com,7673045932,inactive,  HIGH  ,SAVINGS,ATM,USA,FL,7632.56,380.0,2026-05-28
TXN00000699,CUST00366,2025-12-26,PAYMENT,6692.5,ACC0000000132,Phoenix,EMP0022,William rodriguez,customer715@hotmail.com,5121875871,  Active  ,MEDIUM,SAVINGS,Mobile,United States,ca,82432.05,627.0,2026-01-28
TXN00000709,CUST00147,2025-07-30,Withdrawal,1897.75,ACC0000000177,  NEW YORK  ,EMP0074,MARIA BROWN,customer716@gmail.com,7807438555,Suspended,Medium,Loan,ATM,usa,ny,27147.26,413.0,2025-08-02
TXN00000667,CUST00121,2024-11-02,PAYMENT,3828.44,ACC0000000011,  PHILADELPHIA  ,EMP0071,  LINDA   Davis,customer717@bank.com,7582877159,  Active  ,low,credit card,ATM,USA,CA,88459.07,645.0,2024-06-06
TXN00000438,CUST00140,2025-05-01,Withdrawal,10542.93,ACC0000000211,San Antonio,EMP0030,  John   Williams,customer718@yahoo.com,6471983270,Active,MEDIUM,investment,  ONLINE  ,  Mexico  ,TX,84964.03,519.0,2026-01-04
TXN00000423,CUST00172,2026-04-15,PAYMENT,3122.15,ACC0000000063,SAN DIEGO,EMP0012,William GARCIA,customer719@outlook.com,7395526132,inactive,Medium,Loan,MOBILE,usa,,95619.69,487.0,2026-04-15
TXN00000838,CUST00164,01-08-2026,PAYMENT,,ACC0000000180,CHICAGO,,MARIA MARTINEZ,USER720@YAHOO.COM,,ACTIVE,,credit card,Mobile,mexico,,14817.09,,2025-11-11
TXN00000215,CUST00277,2024-01-18,withdrawal,10301.81,ACC0000000102,dallas,EMP0053,michael   johnson  ,customer721@outlook.com,7158016858,inactive,Low,,Online,United States,ny,22219.88,655.0,2025-12-02
TXN00000417,CUST00042,2025-01-12,DEPOSIT,189.1,ACC0000000296,dallas,EMP0067,MARIA GARCIA,customer722@gmail.com,6794628006,Active,high,credit card,Online,CANADA,ca,6047.1,565.0,2025-10-08
TXN00000946,CUST00071,2024-12-05,transfer,6342.03,ACC0000000295,San Antonio,EMP0063,elizabeth   jones  ,customer723@gmail.com,6775307721,active,MEDIUM,MORTGAGE,,  USA  ,NY,46613.44,750.0,2026-05-30
TXN00000770,CUST00078,2025-11-20,Transfer,1559.65,ACC0000000276,CHICAGO,EMP0028,  John   rodriguez,customer724@gmail.com,6721281432,Suspended,High,credit card,BRANCH,  USA  ,NY,90503.57,647.0,2024-07-07
TXN00000190,CUST00119,2026-13-45,Payment,7828.62,ACC0000000090,dallas,EMP0076,james   johnson  ,customer725@hotmail.com,9855312448,SUSPENDED,  HIGH  ,,BRANCH,usa,NY,84580.84,332.0,
TXN00000538,CUST00197,2024-04-22,TRANSFER,9360.83,ACC0000000146,Los Angeles,EMP0061,JENNIFER   jones  ,customer726@gmail.com,9732435954,inactive,MEDIUM,SAVINGS,BRANCH,mexico,tx,11463.43,748.0,2024-07-01
TXN00000441,CUST00356,2025-03-02,Transfer,10525.86,ACC0000000182,Phoenix,EMP0060,JENNIFER   jones  ,customer727@bank.com,4486949391,inactive,MEDIUM,MORTGAGE,Mobile,mexico,NY,41663.45,589.0,2026-01-21
TXN00000291,CUST00079,2025-08-20,TRANSFER,6311.44,ACC0000000167,  PHILADELPHIA  ,EMP0036,Robert Davis,customer728@gmail.com,5822309900,ACTIVE,low,Loan,Mobile,  Mexico  ,ca,84261.72,344.0,2024-12-28
TXN00000439,CUST00362,2024-11-11,Payment,13484.4,ACC0000000262,  NEW YORK  ,EMP0002,  John   Williams,customer729@gmail.com,7799985806,active,high,,Mobile,  Mexico  ,  CA  ,66414.84,804.0,2025-02-18
TXN00000401,CUST00110,2026/03/26,,7698.19,ACC0000000250,Phoenix,EMP0094,james MARTINEZ,customer730@yahoo.com,2548737433,inactive,Medium,MORTGAGE,Online,canada,  NY  ,66267.12,402.0,2024-02-28
TXN00000492,CUST00033,2026-01-12,TRANSFER,9284.58,ACC0000000229,San Antonio,EMP0055,michael SMITH,customer731@bank.com,3285121097,INACTIVE,low,investment,  Branch  ,MEXICO,  NY  ,63451.64,753.0,2025-01-21
TXN00000836,CUST00213,2026-06-12,withdrawal,4276.47,ACC0000000041,Los Angeles,EMP0095,Robert   jones  ,customer732@gmail.com,6739269487,active,  HIGH  ,Loan,MOBILE,CANADA,  CA  ,66383.57,495.0,2024-07-06
TXN00001025,CUST00209,2025-12-05,PAYMENT,11782.16,ACC0000000196,,EMP0032,  PATRICIA   Williams,customer733@outlook.com,6719591890,SUSPENDED,,SAVINGS,BRANCH,United States,NY,26689.66,432.0,2026-04-20
TXN00000574,CUST00170,2025-10-06,transfer,7491.2,ACC0000000147,houston,EMP0032,  LINDA   SMITH,customer734@bank.com,2861565426,,MEDIUM,  Checking  ,mobile,  USA  ,  NY  ,85112.32,774.0,2025-09-24
TXN00000656,CUST00278,28-01-2024,PAYMENT,9154.58,ACC0000000238,  PHILADELPHIA  ,,MARIA rodriguez,customer735@bank.com,8652096463,active,high,MORTGAGE,ATM,United States,TX,,350.0,2024-12-11
TXN00000355,CUST00239,2025-09-03,,11680.49,ACC0000000075,,EMP0042,JENNIFER   johnson  ,customer736@hotmail.com,8081995760,Active,,MORTGAGE,  Branch  ,  Mexico  ,ca,90291.7,662.0,2024-08-04
TXN00001010,CUST00213,2025-04-30,,12480.91,ACC0000000086,Phoenix,EMP0056,  John     MILLER  ,customer737@outlook.com,7795936428,SUSPENDED,High,credit card,Mobile,mexico,tx,55029.02,674.0,2025-01-15
TXN00000529,CUST00032,2024-09-28,DEPOSIT,14598.14,ACC0000000173,houston,EMP0075,  LINDA   MARTINEZ,customer738@outlook.com,2622249369,  Active  ,high,SAVINGS,MOBILE,United States,,97350.71,328.0,2025-11-02
TXN00000249,CUST00106,2025-11-02,transfer,5400.93,ACC0000000216,SAN DIEGO,EMP0029,Robert MARTINEZ,customer739@hotmail.com,9578341868,SUSPENDED,High,  Checking  ,BRANCH,United States,ca,9285.14,536.0,2024-02-20
TXN00000351,CUST00216,2026/03/12,DEPOSIT,6175.86,ACC0000000293,Phoenix,EMP0076,  LINDA   GARCIA,customer740@bank.com,9183099458,  Active  ,Low,SAVINGS,mobile,CANADA,tx,37568.32,367.0,2025-02-02
TXN00000415,CUST00200,2026-03-05,TRANSFER,2447.59,ACC0000000208,CHICAGO,EMP0020,michael Davis,customer741@outlook.com,3476759115,  Active  ,High,Checking,,CANADA,CA,70479.88,349.0,2024-09-05
TXN00000992,CUST00395,2025-08-15,,8244.67,ACC0000000037,Los Angeles,EMP0074,elizabeth Williams,customer742@hotmail.com,3393283535,Suspended,Medium,investment,BRANCH,MEXICO,NY,61905.74,309.0,2026-05-03
TXN00000655,CUST00300,2025-08-14,deposit,13659.83,ACC0000000041,  PHILADELPHIA  ,EMP0001,james rodriguez,customer743@hotmail.com,5087436093,Suspended,high,  Checking  ,  Branch  ,  Mexico  ,  CA  ,51782.57,702.0,2025-10-12
TXN00000873,CUST00357,2024-08-21,,10338.65,ACC0000000083,  NEW YORK  ,EMP0054,  LINDA   Davis,customer744@hotmail.com,9361068945,SUSPENDED,Low,credit card,Mobile,USA,ca,50941.22,594.0,2026-03-20
TXN00000363,CUST00011,2026-01-08,Transfer,7235.93,ACC0000000176,houston,EMP0006,  LINDA   Williams,customer745@hotmail.com,8388044288,Inactive,Medium,,ATM,MEXICO,ca,99312.08,521.0,2026-01-09
TXN00000177,CUST00392,2024-02-22,PAYMENT,3555.85,ACC0000000117,Los Angeles,EMP0006,JENNIFER   johnson  ,customer746@yahoo.com,3171681000,INACTIVE,High,SAVINGS,mobile,USA,FL,58886.58,611.0,2025-05-05
TXN00000681,CUST00295,2025-08-20,,240.6,ACC0000000161,,EMP0061,elizabeth MARTINEZ,customer747@hotmail.com,3567182983,inactive,high,Checking,  ONLINE  ,  Mexico  ,  CA  ,90182.41,312.0,2026-06-04
TXN00000630,CUST00195,2025-05-06,Payment,1380.59,ACC0000000163,SAN DIEGO,EMP0094,michael   MILLER  ,customer748@outlook.com,7321995050,  Active  ,Medium,  Checking  ,Mobile,CANADA,CA,89847.24,508.0,2026-03-28
TXN00000934,CUST00245,2024-06-23,Withdrawal,1700.94,ACC0000000150,  NEW YORK  ,EMP0099,  PATRICIA     MILLER  ,customer749@outlook.com,4092068761,inactive,high,SAVINGS,Mobile,  USA  ,TX,9266.58,421.0,2024-09-07
TXN00000525,CUST00004,2026/08/01,DEPOSIT,8633.58,ACC0000000137,,,JENNIFER rodriguez,user750@gmail,(225) 952-9287,SUSPENDED,MEDIUM,investment,Online,USA,ca,45001.22,303.0,
TXN00000490,CUST00181,2025-06-20,Payment,7436.86,ACC0000000203,SAN DIEGO,EMP0065,  John   Davis,customer751@bank.com,6545001911,Suspended,high,credit card,atm,USA,NY,3218.9,584.0,2024-03-09
TXN00000802,CUST00153,2025-10-06,TRANSFER,14244.22,ACC0000000139,CHICAGO,EMP0005,Robert   johnson  ,customer752@gmail.com,3244077628,INACTIVE,High,investment,  ONLINE  ,CANADA,TX,83791.75,656.0,2026-05-25
TXN00000024,CUST00386,2026-01-08,Transfer,11703.92,ACC0000000228,houston,EMP0055,james SMITH,customer753@hotmail.com,6952884849,Active,high,credit card,  ONLINE  ,canada,NY,50861.3,429.0,2025-10-25
TXN00000113,CUST00200,2025-09-26,PAYMENT,1171.97,ACC0000000186,  PHILADELPHIA  ,EMP0068,elizabeth   jones  ,customer754@hotmail.com,7593668194,Inactive,,SAVINGS,BRANCH,MEXICO,,59177.09,332.0,2024-04-27
TXN00000944,CUST00215,2026-03-04,TRANSFER,10867.46,ACC0000000267,,EMP0051,William   johnson  ,customer755@gmail.com,8737313018,,High,credit card,,United States,  NY  ,29686.9,519.0,2025-06-28
TXN00001047,CUST00276,2026-05-11,deposit,13576.45,ACC0000000231,SAN DIEGO,EMP0062,William   johnson  ,customer756@gmail.com,6422491354,ACTIVE,low,MORTGAGE,BRANCH,  Mexico  ,  CA  ,66487.15,738.0,2024-02-26
TXN00000526,CUST00383,2025-01-24,DEPOSIT,9682.84,ACC0000000212,Phoenix,EMP0090,  PATRICIA   MARTINEZ,customer757@outlook.com,3892454943,Suspended,Low,investment,BRANCH,usa,tx,4023.04,346.0,2024-10-05
TXN00000105,CUST00377,2024-05-31,PAYMENT,6878.43,ACC0000000086,  PHILADELPHIA  ,EMP0013,William MARTINEZ,customer758@outlook.com,3746239956,Suspended,,Checking,atm,MEXICO,tx,82214.51,818.0,2025-02-10
TXN00000650,CUST00280,2026-04-21,DEPOSIT,14660.5,ACC0000000095,CHICAGO,EMP0058,  John   MARTINEZ,customer759@yahoo.com,4055878871,INACTIVE,low,investment,Mobile,  USA  ,,7990.33,591.0,2025-12-01
TXN00000540,CUST00309,2025/11/28,Payment,-1394.2126115780998,ACC0000000012,Los Angeles,EMP0064,William BROWN,USER760@YAHOO.COM,4963962638,  Active  ,,Checking,mobile,MEXICO,FL,55115.2,,2026-03-23
TXN00000798,CUST00113,2024-09-05,Payment,798.7,ACC0000000065,SAN DIEGO,EMP0031,  LINDA   rodriguez,customer761@gmail.com,8026047018,Suspended,,investment,mobile,MEXICO,  NY  ,40501.16,365.0,2025-05-18
TXN00000535,CUST00250,2024-02-02,transfer,12207.02,ACC0000000121,CHICAGO,EMP0011,  John     johnson  ,customer762@bank.com,8833817409,  Active  ,  HIGH  ,Checking,BRANCH,  USA  ,TX,26743.54,373.0,2024-10-09
TXN00000994,CUST00113,2025-08-09,deposit,13118.4,ACC0000000129,houston,EMP0072,William Williams,customer763@gmail.com,5958142758,Active,  HIGH  ,MORTGAGE,Online,  Mexico  ,ca,53975.29,607.0,2024-04-17
TXN00000168,CUST00140,2025-12-18,transfer,12791.12,ACC0000000041,  NEW YORK  ,EMP0097,  John     jones  ,customer764@bank.com,6755267960,active,Medium,Checking,  ONLINE  ,USA,NY,16910.92,396.0,2026-04-27
TXN00000932,CUST00224,22-04-2024,Withdrawal,5435.21,ACC0000000108,,,  PATRICIA   BROWN,customer765@hotmail.com,3511285643,,high,investment,ATM,CANADA,NY,12904.05,526.0,2024-08-29
TXN00000292,CUST00249,2024-07-14,withdrawal,10167.66,ACC0000000086,San Antonio,EMP0002,elizabeth Davis,customer766@yahoo.com,6682237380,active,low,SAVINGS,BRANCH,canada,tx,94733.51,644.0,2024-01-07
TXN00001012,CUST00015,2024-01-20,transfer,6418.63,ACC0000000204,SAN DIEGO,EMP0089,MARIA rodriguez,customer767@hotmail.com,2116945960,INACTIVE,Low,Loan,Online,usa,ca,88460.69,478.0,2025-05-12
TXN00000499,CUST00200,2025-03-27,withdrawal,1782.72,ACC0000000053,Los Angeles,EMP0094,elizabeth GARCIA,customer768@outlook.com,2347608282,  Active  ,MEDIUM,Loan,,,,52672.68,667.0,2025-11-16
TXN00000894,CUST00173,2024-11-17,Payment,12776.13,ACC0000000049,  NEW YORK  ,EMP0053,michael MARTINEZ,customer769@bank.com,2434633282,,low,credit card,Mobile,CANADA,ny,74007.11,654.0,2024-11-18
TXN00000928,CUST00343,2025/03/04,Payment,13359.87,ACC0000000033,Phoenix,EMP0028,  John   Davis,,679-840-8509,Inactive,low,credit card,Mobile,mexico,ny,,549.0,2024-08-22
TXN00000533,CUST00348,2024-06-04,Transfer,194.6,ACC0000000243,  NEW YORK  ,EMP0017,  John   GARCIA,customer771@outlook.com,4831093593,  Active  ,High,  Checking  ,,MEXICO,ny,24080.64,682.0,2026-05-27
TXN00000936,CUST00208,2025-02-26,transfer,2119.0,ACC0000000281,dallas,EMP0046,michael Williams,customer772@bank.com,5666129244,active,MEDIUM,investment,atm,United States,FL,98302.74,648.0,2025-07-26
TXN00000596,CUST00371,2025-12-08,deposit,9725.62,ACC0000000028,Los Angeles,EMP0038,michael SMITH,customer773@outlook.com,4154579602,active,Low,,BRANCH,CANADA,CA,97279.4,450.0,2024-11-08
TXN00000512,CUST00085,2024-07-27,,4963.48,ACC0000000014,  PHILADELPHIA  ,EMP0031,William GARCIA,customer774@yahoo.com,5996252028,inactive,,Checking,BRANCH,United States,  CA  ,38006.13,346.0,2026-03-01
TXN00000686,CUST00240,2026-13-45,TRANSFER,13423.19,ACC0000000204,,EMP0083,michael   jones  ,customer775@gmail.com,3787713480,Active,high,Checking,  ONLINE  ,MEXICO,FL,93318.19,670.0,
TXN00000708,CUST00066,2025-02-24,transfer,14328.58,ACC0000000269,  NEW YORK  ,EMP0012,MARIA   johnson  ,customer776@hotmail.com,5607716558,ACTIVE,high,investment,  ONLINE  ,CANADA,  NY  ,54370.88,697.0,2024-05-04
TXN00000648,CUST00319,2025-05-28,,4061.23,ACC0000000043,Los Angeles,EMP0003,MARIA rodriguez,customer777@gmail.com,6708323294,INACTIVE,  HIGH  ,,,  Mexico  ,CA,7109.73,372.0,2025-10-30
TXN00000528,CUST00274,2026-03-04,withdrawal,11009.37,ACC0000000054,SAN DIEGO,EMP0062,james   jones  ,customer778@hotmail.com,4859035963,active,high,Checking,atm,MEXICO,  CA  ,3543.6,334.0,2025-07-29
TXN00000224,CUST00014,2025-09-18,deposit,5620.7,ACC0000000135,Phoenix,EMP0086,james Williams,customer779@gmail.com,6031698925,inactive,High,Checking,atm,  USA  ,TX,54469.4,360.0,2024-11-27
TXN00000662,CUST00202,01-08-2026,TRANSFER,$3492.95,ACC0000000080,  NEW YORK  ,,Robert   johnson  ,customer780@hotmail.com,5855833955,SUSPENDED,,Checking,mobile,CANADA,ny,42459.97,717.0,2024-06-01
TXN00000628,CUST00304,2025-04-27,TRANSFER,1751.79,ACC0000000044,dallas,EMP0040,james   jones  ,customer781@outlook.com,7898259306,Suspended,high,credit card,,United States,,32699.62,798.0,2024-01-14
TXN00000040,CUST00289,2026-06-12,transfer,6033.74,ACC0000000200,Phoenix,EMP0021,michael Williams,customer782@yahoo.com,9947749608,active,,credit card,Mobile,CANADA,CA,66991.82,313.0,2025-11-06
TXN00000410,CUST00340,2026-05-18,TRANSFER,6875.25,ACC0000000159,houston,EMP0091,  John   MARTINEZ,customer783@bank.com,4652326309,SUSPENDED,,,,  USA  ,ca,83052.25,319.0,2024-03-14
TXN00000359,CUST00014,2026-01-23,,12543.84,ACC0000000118,  PHILADELPHIA  ,EMP0059,JENNIFER Williams,customer784@outlook.com,8026946703,Active,High,,ATM,USA,TX,18803.17,707.0,2024-08-13
TXN00000208,CUST00043,2026-01-14,DEPOSIT,10364.04,ACC0000000127,houston,EMP0074,  John   SMITH,customer785@outlook.com,7987327615,active,High,  Checking  ,  Branch  ,United States,ny,19702.52,738.0,2026-03-04
TXN00000214,CUST00330,2024-03-04,withdrawal,7199.76,ACC0000000146,houston,EMP0096,Robert   MILLER  ,customer786@bank.com,2691461483,Inactive,Medium,credit card,Online,CANADA,ny,56779.48,360.0,2025-01-29
TXN00000353,CUST00220,2025-12-23,Withdrawal,6355.01,ACC0000000227,Phoenix,EMP0075,MARIA GARCIA,customer787@gmail.com,9502624796,active,MEDIUM,investment,BRANCH,  Mexico  ,CA,30656.01,375.0,2024-06-27
TXN00000960,CUST00070,2024-05-21,Transfer,13297.55,ACC0000000065,Phoenix,EMP0004,james   MILLER  ,customer788@hotmail.com,2987812740,INACTIVE,High,,atm,United States,NY,40919.72,696.0,2025-02-14
TXN00000879,CUST00237,2025-06-15,TRANSFER,2543.34,ACC0000000068,SAN DIEGO,EMP0059,JENNIFER   jones  ,customer789@outlook.com,7117958805,INACTIVE,low,credit card,,canada,tx,76696.35,749.0,2025-11-07
TXN00000011,CUST00094,2024/07/31,withdrawal,2031.05,ACC0000000270,  PHILADELPHIA  ,EMP0060,michael   johnson  ,customer790@outlook.com,5318784793,ACTIVE,high,,  Branch  ,canada,NY,67130.39,788.0,2024-02-28
TXN00000322,CUST00026,2025-07-28,withdrawal,10909.85,ACC0000000088,,EMP0099,  John   BROWN,customer791@gmail.com,9909274876,active,,investment,MOBILE,  USA  ,ny,93480.72,569.0,2025-06-04
TXN00001013,CUST00134,2024-11-28,Payment,14724.46,ACC0000000015,Los Angeles,EMP0018,  PATRICIA   MARTINEZ,customer792@outlook.com,3072787292,Inactive,MEDIUM,  Checking  ,MOBILE,usa,ca,51578.93,345.0,2026-03-14
TXN00000268,CUST00195,2025-11-09,withdrawal,12673.03,ACC0000000018,Phoenix,EMP0091,elizabeth BROWN,customer793@hotmail.com,9735302054,Inactive,high,,ATM,MEXICO,TX,50468.75,547.0,2024-10-20
TXN00000581,CUST00168,2025-05-04,deposit,1600.51,ACC0000000183,CHICAGO,EMP0052,  LINDA   rodriguez,customer794@bank.com,2637265103,Suspended,High,credit card,atm,mexico,tx,81897.07,790.0,2025-11-10
TXN00000670,CUST00109,22-06-2025,Payment,13672.84,ACC0000000167,CHICAGO,,William   MILLER  ,customer795@yahoo.com,3171382194,ACTIVE,  HIGH  ,credit card,  Branch  ,canada,,27771.2,812.0,2025-02-12
TXN00000256,CUST00233,2025-01-20,Withdrawal,7265.99,ACC0000000244,Phoenix,EMP0024,MARIA   jones  ,customer796@yahoo.com,6528817132,Inactive,high,credit card,Mobile,MEXICO,ca,17369.59,573.0,2024-08-22
TXN00000383,CUST00168,2024-11-17,PAYMENT,8555.7,ACC0000000240,Los Angeles,EMP0048,  John   GARCIA,customer797@bank.com,8217461482,active,low,credit card,,usa,  CA  ,67370.82,428.0,2025-08-07
TXN00000475,CUST00173,2024-06-26,withdrawal,6600.53,ACC0000000277,  NEW YORK  ,EMP0081,  LINDA   rodriguez,customer798@bank.com,3784282763,,Medium,Loan,atm,MEXICO,tx,56409.2,523.0,2026-04-28
TXN00001043,CUST00390,2025-04-15,transfer,9189.28,ACC0000000140,dallas,EMP0060,michael   johnson  ,customer799@bank.com,9155607187,inactive,Low,SAVINGS,Mobile,canada,tx,50963.98,498.0,2026-01-07
TXN00000397,CUST00195,,TRANSFER,,ACC0000000281,SAN DIEGO,EMP0091,  LINDA   SMITH,user800@gmail,(336) 752-4272,Active,MEDIUM,  Checking  ,BRANCH,MEXICO,,46872.55,,
TXN00000028,CUST00143,2025-06-29,Withdrawal,11698.51,ACC0000000228,SAN DIEGO,EMP0082,michael BROWN,customer801@gmail.com,4003589046,SUSPENDED,low,,MOBILE,  Mexico  ,  CA  ,75463.5,595.0,2025-04-29
TXN00000386,CUST00386,2024-12-16,Withdrawal,9189.81,ACC0000000070,Los Angeles,EMP0001,  John     jones  ,customer802@yahoo.com,6487955687,active,MEDIUM,Checking,mobile,USA,  CA  ,58281.0,614.0,2025-11-03
TXN00000799,CUST00216,2025-07-13,PAYMENT,12945.51,ACC0000000277,houston,EMP0081,William MARTINEZ,customer803@outlook.com,4303063655,inactive,  HIGH  ,credit card,  ONLINE  ,usa,ca,99905.77,683.0,2025-01-09
TXN00000437,CUST00130,2024-12-28,DEPOSIT,13205.26,ACC0000000091,SAN DIEGO,EMP0010,MARIA BROWN,customer804@gmail.com,6449339659,ACTIVE,High,MORTGAGE,Mobile,,CA,93091.28,530.0,2025-01-30
TXN00000696,CUST00042,2025-11-23,DEPOSIT,10922.82,ACC0000000234,  PHILADELPHIA  ,EMP0050,William Williams,customer805@hotmail.com,3961881397,SUSPENDED,  HIGH  ,investment,,usa,  CA  ,,321.0,2024-03-05
TXN00000786,CUST00241,2026-03-01,Withdrawal,13381.85,ACC0000000289,SAN DIEGO,EMP0089,Robert MARTINEZ,customer806@bank.com,8447842576,,low,Loan,mobile,United States,ca,48236.44,302.0,2024-11-17
TXN00000021,CUST00010,2026-06-07,,7272.04,ACC0000000223,  PHILADELPHIA  ,EMP0043,michael Davis,customer807@outlook.com,4081343302,Suspended,MEDIUM,  Checking  ,,MEXICO,tx,63903.47,702.0,2026-01-18
TXN00000732,CUST00384,2026-01-08,TRANSFER,7347.44,ACC0000000269,Phoenix,EMP0068,MARIA rodriguez,customer808@yahoo.com,2054687685,Inactive,  HIGH  ,Checking,BRANCH,MEXICO,FL,27446.31,802.0,2024-10-10
TXN00000952,CUST00277,2025-11-28,deposit,13319.53,ACC0000000274,CHICAGO,EMP0005,  PATRICIA   Williams,customer809@outlook.com,7816592179,SUSPENDED,high,,BRANCH,United States,,59295.33,769.0,2026-03-20
TXN00000905,CUST00027,01-08-2026,PAYMENT,6638.28,  ACC0000000159  ,Phoenix,,JENNIFER rodriguez,customer810@gmail.com,,Suspended,MEDIUM,credit card,MOBILE,canada,  CA  ,23704.39,686.0,2025-05-02
TXN00000395,CUST00180,2025-10-20,PAYMENT,996.87,ACC0000000178,dallas,EMP0038,james BROWN,customer811@outlook.com,5482899653,SUSPENDED,Medium,MORTGAGE,MOBILE,,ca,12673.48,460.0,2024-02-16
TXN00000087,CUST00115,2026-04-02,deposit,9841.85,ACC0000000247,houston,EMP0055,William   MILLER  ,customer812@bank.com,7082944399,Inactive,low,SAVINGS,,,NY,90567.43,642.0,2025-01-05
TXN00000579,CUST00333,2025-12-10,transfer,234.79,ACC0000000277,CHICAGO,EMP0097,William Davis,customer813@yahoo.com,7849478761,ACTIVE,Low,MORTGAGE,Online,canada,ny,9755.26,635.0,2024-11-22
TXN00000086,CUST00036,2024-09-27,Transfer,13031.57,ACC0000000117,Los Angeles,EMP0035,  John   SMITH,customer814@yahoo.com,7124606840,Suspended,,Loan,BRANCH,  USA  ,,58516.5,308.0,2024-09-14
TXN00000200,CUST00400,2025-09-16,DEPOSIT,7896.03,ACC0000000046,Phoenix,EMP0090,  LINDA   MARTINEZ,customer815@yahoo.com,8336723258,active,low,Loan,Online,CANADA,TX,12136.81,523.0,2025-08-05
TXN00000872,CUST00334,2025-05-10,PAYMENT,11167.18,ACC0000000227,dallas,EMP0079,Robert Williams,customer816@yahoo.com,2685498004,inactive,MEDIUM,Checking,BRANCH,canada,  CA  ,43287.82,464.0,2024-03-15
TXN00000020,CUST00021,2024-07-15,deposit,10870.41,ACC0000000158,  PHILADELPHIA  ,EMP0070,  John   SMITH,customer817@gmail.com,8404852161,active,  HIGH  ,credit card,,USA,FL,49941.19,656.0,2026-03-29
TXN00000714,CUST00387,2024-09-09,DEPOSIT,3398.57,ACC0000000188,SAN DIEGO,EMP0074,  LINDA     jones  ,customer818@gmail.com,7821803083,Suspended,,Checking,Mobile,  USA  ,,55632.95,311.0,2024-06-27
TXN00000814,CUST00016,2024-10-12,,14338.63,ACC0000000212,,EMP0027,elizabeth   jones  ,customer819@outlook.com,7294052653,inactive,high,,atm,USA,  NY  ,25563.04,374.0,2025-10-03
TXN00000692,CUST00127,2025/07/25,Withdrawal,13103.5,ACC0000000134,  NEW YORK  ,EMP0088,michael GARCIA,customer820@gmail.com,3206104777,INACTIVE,  HIGH  ,,ATM,mexico,tx,49263.17,805.0,2025-11-06
TXN00000818,CUST00103,2024-11-01,Payment,7810.54,ACC0000000080,CHICAGO,EMP0011,  PATRICIA   MARTINEZ,customer821@yahoo.com,2527159856,Suspended,low,credit card,Mobile,canada,FL,67745.05,517.0,2024-03-09
TXN00000950,CUST00011,2024-08-18,Withdrawal,10339.21,ACC0000000156,  NEW YORK  ,EMP0080,William   jones  ,customer822@hotmail.com,5381234670,  Active  ,High,Checking,BRANCH,  Mexico  ,tx,81039.51,688.0,2025-01-12
TXN00000892,CUST00319,2024-10-31,Payment,9292.67,ACC0000000006,,EMP0043,  John   Williams,customer823@outlook.com,4969485118,Suspended,MEDIUM,  Checking  ,  ONLINE  ,,NY,55767.93,620.0,2024-03-29
TXN00000199,CUST00079,2026-02-28,PAYMENT,6521.08,ACC0000000001,  NEW YORK  ,EMP0095,William MARTINEZ,customer824@hotmail.com,5998206863,,MEDIUM,investment,atm,mexico,TX,23188.94,561.0,2025-03-14
TXN00000718,CUST00123,2026-13-45,TRANSFER,10913.45,ACC0000000268,Los Angeles,,MARIA   jones  ,customer825@yahoo.com,2699933586,ACTIVE,Medium,SAVINGS,ATM,USA,NY,72563.67,433.0,
TXN00000298,CUST00065,2024-10-22,deposit,7254.85,ACC0000000070,San Antonio,EMP0008,MARIA   MILLER  ,customer826@hotmail.com,4941769755,inactive,High,SAVINGS,,CANADA,,36050.22,700.0,2026-01-07
TXN00000187,CUST00243,2025-12-22,TRANSFER,9972.47,ACC0000000177,  NEW YORK  ,EMP0066,MARIA Williams,customer827@outlook.com,7893479482,SUSPENDED,  HIGH  ,investment,Mobile,United States,NY,78124.04,488.0,2024-10-01
TXN00000210,CUST00343,2024-07-31,deposit,9639.0,ACC0000000147,Los Angeles,EMP0087,William   jones  ,customer828@gmail.com,8256126115,  Active  ,,Checking,MOBILE,  USA  ,ca,46563.71,592.0,2024-03-14
TXN00000498,CUST00059,2025-12-07,,2272.38,ACC0000000241,San Antonio,EMP0047,michael BROWN,customer829@yahoo.com,6087331928,Active,,credit card,MOBILE,usa,,79988.55,408.0,2024-03-20
TXN00000828,CUST00289,2025/12/22,transfer,12405.25,ACC0000000274,San Antonio,EMP0007,elizabeth rodriguez,customer830@bank.com,7598142816,Inactive,Low,MORTGAGE,,MEXICO,  CA  ,80676.34,770.0,2025-08-02
TXN00000997,CUST00112,2025-05-15,withdrawal,13386.33,ACC0000000005,CHICAGO,EMP0015,JENNIFER GARCIA,customer831@outlook.com,7965825309,  Active  ,MEDIUM,credit card,ATM,  Mexico  ,,67332.82,850.0,2026-02-23
TXN00000061,CUST00239,2024-11-20,transfer,9213.06,ACC0000000252,dallas,EMP0050,Robert Davis,customer832@gmail.com,8681301528,active,low,Loan,atm,MEXICO,  NY  ,40417.66,560.0,2025-11-20
TXN00000318,CUST00359,2025-05-06,PAYMENT,224.09,ACC0000000245,dallas,EMP0047,Robert BROWN,customer833@hotmail.com,5465315274,Inactive,low,SAVINGS,,MEXICO,TX,29992.14,488.0,2024-12-16
TXN00000311,CUST00132,2024-12-23,deposit,14018.85,ACC0000000154,,EMP0060,JENNIFER GARCIA,customer834@yahoo.com,4054421973,inactive,low,Checking,atm,,CA,5471.59,362.0,2024-12-03
TXN00000066,CUST00393,2025-07-27,Transfer,7608.24,ACC0000000005,dallas,EMP0080,  PATRICIA   Davis,customer835@bank.com,3423099963,inactive,Medium,Loan,,United States,  NY  ,60869.93,491.0,2025-03-14
TXN00000432,CUST00189,2026-03-25,Transfer,7065.87,ACC0000000221,  PHILADELPHIA  ,EMP0006,elizabeth GARCIA,customer836@bank.com,9514372021,inactive,,,  ONLINE  ,  Mexico  ,NY,42741.62,453.0,2024-10-05
TXN00000750,CUST00086,2026-01-08,DEPOSIT,7462.73,ACC0000000150,Phoenix,EMP0047,  John   Williams,customer837@gmail.com,4416052194,,low,Checking,,,FL,64325.75,524.0,2024-01-18
TXN00000741,CUST00311,2024-10-07,PAYMENT,2522.79,ACC0000000119,  PHILADELPHIA  ,EMP0047,  John   MARTINEZ,customer838@hotmail.com,7777241579,Active,Medium,  Checking  ,Online,,tx,83673.57,526.0,2025-08-06
TXN00000469,CUST00311,2024-10-21,Transfer,11283.88,ACC0000000004,houston,EMP0023,  LINDA   SMITH,customer839@outlook.com,5541727819,  Active  ,MEDIUM,MORTGAGE,MOBILE,,CA,38255.15,615.0,2025-11-17
TXN00000278,CUST00383,01-08-2026,DEPOSIT,$3274.27,ACC0000000281,SAN DIEGO,,  John   Williams,,812-857-2320,  Active  ,Low,credit card,BRANCH,mexico,tx,,,2024-04-03
TXN00000859,CUST00368,2024-05-04,withdrawal,4996.88,ACC0000000192,Los Angeles,EMP0083,michael rodriguez,customer841@outlook.com,7645903121,Suspended,MEDIUM,investment,Online,usa,FL,55133.05,638.0,2025-08-13
TXN00000685,CUST00059,2025-08-10,PAYMENT,4208.45,ACC0000000097,,EMP0072,  LINDA     MILLER  ,customer842@bank.com,4778401683,ACTIVE,  HIGH  ,MORTGAGE,MOBILE,  Mexico  ,,72315.14,397.0,2026-01-08
TXN00000751,CUST00399,2025-11-23,PAYMENT,7628.59,ACC0000000211,dallas,EMP0091,William   johnson  ,customer843@outlook.com,3061369136,Inactive,High,credit card,Online,CANADA,TX,93620.09,371.0,2025-01-19
TXN00000046,CUST00084,2025-07-10,Transfer,8279.91,ACC0000000288,CHICAGO,EMP0009,MARIA rodriguez,customer844@yahoo.com,7193306738,active,  HIGH  ,,atm,,TX,43501.52,315.0,2025-08-29
TXN00000198,CUST00160,2025-01-23,Withdrawal,5710.63,ACC0000000224,Los Angeles,EMP0072,  John   Davis,customer845@yahoo.com,6415895971,SUSPENDED,High,credit card,mobile,United States,ca,27298.82,332.0,2024-08-04
TXN00000266,CUST00056,2025-02-08,Payment,12265.69,ACC0000000203,,EMP0091,MARIA GARCIA,customer846@hotmail.com,4331211906,Inactive,,SAVINGS,mobile,United States,tx,51658.36,340.0,2025-08-28
TXN00000925,CUST00297,2026-04-18,withdrawal,1228.52,ACC0000000128,Los Angeles,EMP0100,michael MARTINEZ,customer847@gmail.com,2268924214,Active,low,credit card,BRANCH,mexico,tx,16017.25,731.0,2024-11-24
TXN00000561,CUST00014,2024-12-19,TRANSFER,6690.62,ACC0000000084,,EMP0027,JENNIFER   MILLER  ,customer848@hotmail.com,7477227215,Inactive,MEDIUM,credit card,Mobile,USA,CA,44950.7,347.0,2025-04-06
TXN00000757,CUST00160,2026-03-02,withdrawal,8616.87,ACC0000000200,Phoenix,EMP0018,james SMITH,customer849@gmail.com,8988001296,INACTIVE,  HIGH  ,SAVINGS,  Branch  ,mexico,TX,16141.98,664.0,2025-07-14
TXN00000593,CUST00295,2026/08/01,TRANSFER,1365.9,ACC0000000194,,EMP0043,MARIA Davis,user850@gmail,(765) 593-1854,Suspended,,MORTGAGE,Mobile,mexico,tx,34463.77,550.0,
TXN00000841,CUST00347,2026-04-03,DEPOSIT,7501.92,ACC0000000113,,EMP0031,JENNIFER BROWN,customer851@gmail.com,5968847180,ACTIVE,,investment,  Branch  ,CANADA,NY,39207.59,305.0,2025-05-23
TXN00000663,CUST00193,2024-05-29,deposit,4775.12,ACC0000000135,houston,EMP0070,  LINDA   SMITH,customer852@gmail.com,9122288040,inactive,Low,investment,BRANCH,United States,TX,16820.92,723.0,2025-01-01
TXN00000537,CUST00204,2024-10-24,TRANSFER,14711.03,ACC0000000041,houston,EMP0015,  PATRICIA   SMITH,customer853@hotmail.com,9185373257,Suspended,MEDIUM,credit card,ATM,canada,,93408.34,822.0,2026-04-04
TXN00000749,CUST00367,2024-02-13,DEPOSIT,11191.32,ACC0000000217,CHICAGO,EMP0084,Robert GARCIA,customer854@bank.com,3185482933,active,MEDIUM,investment,,mexico,  CA  ,58419.74,559.0,2024-07-08
TXN00000675,CUST00102,21-10-2024,deposit,315.65,ACC0000000123,dallas,,  PATRICIA     johnson  ,customer855@yahoo.com,8304766763,Suspended,MEDIUM,credit card,MOBILE,CANADA,CA,25072.65,548.0,2024-03-02
TXN00000618,CUST00039,2026-01-01,withdrawal,6081.42,ACC0000000265,Phoenix,EMP0062,elizabeth   jones  ,customer856@gmail.com,3984518152,active,MEDIUM,Checking,ATM,United States,  NY  ,63401.3,314.0,2025-05-03
TXN00000748,CUST00304,2024-03-21,Transfer,585.69,ACC0000000140,  PHILADELPHIA  ,EMP0095,  PATRICIA   BROWN,customer857@bank.com,2593434801,INACTIVE,High,SAVINGS,BRANCH,  Mexico  ,CA,28246.51,455.0,2026-04-02
TXN00000852,CUST00354,2024-12-20,Withdrawal,8259.03,ACC0000000146,San Antonio,EMP0097,  LINDA   GARCIA,customer858@hotmail.com,2947021164,INACTIVE,Medium,  Checking  ,  ONLINE  ,canada,TX,55124.48,419.0,2024-01-01
TXN00000918,CUST00322,2025-03-28,TRANSFER,12397.34,ACC0000000273,CHICAGO,EMP0075,  John     jones  ,customer859@yahoo.com,4325229785,Suspended,,Checking,mobile,USA,,1033.99,390.0,2026-04-10
TXN00000626,CUST00125,2025/11/02,Payment,11887.16,ACC0000000138,  PHILADELPHIA  ,EMP0090,  LINDA   MARTINEZ,customer860@hotmail.com,7811461244,SUSPENDED,,investment,  ONLINE  ,usa,  CA  ,96798.46,693.0,2024-05-20
TXN00000316,CUST00053,2024-09-19,Withdrawal,14449.41,ACC0000000212,  PHILADELPHIA  ,EMP0027,  PATRICIA   SMITH,customer861@outlook.com,9373551931,Active,Low,,Mobile,usa,ca,96055.25,702.0,2024-01-19
TXN00000856,CUST00357,2026-02-04,DEPOSIT,9581.19,ACC0000000097,,EMP0097,  PATRICIA     MILLER  ,customer862@bank.com,2781583076,INACTIVE,Medium,Loan,  Branch  ,,  CA  ,78087.86,754.0,2024-09-16
TXN00000660,CUST00396,2025-05-05,DEPOSIT,13357.16,ACC0000000036,,EMP0096,MARIA   jones  ,customer863@gmail.com,6492845630,Suspended,  HIGH  ,Loan,ATM,  USA  ,  CA  ,27325.9,525.0,2024-06-21
TXN00000018,CUST00155,2024-08-07,Transfer,8456.87,ACC0000000094,  NEW YORK  ,EMP0098,elizabeth rodriguez,customer864@hotmail.com,2444216728,active,  HIGH  ,investment,Online,United States,NY,40612.92,439.0,2025-03-21
TXN00000804,CUST00351,2024-07-25,Payment,9836.21,ACC0000000070,Los Angeles,EMP0029,  LINDA   Williams,customer865@gmail.com,8167705001,active,Low,Loan,  ONLINE  ,  Mexico  ,  NY  ,69972.1,306.0,2024-06-11
TXN00000661,CUST00308,2026-04-27,PAYMENT,6870.31,ACC0000000149,,EMP0042,William BROWN,customer866@bank.com,4992327517,Suspended,,investment,  Branch  ,USA,  NY  ,23567.25,588.0,2025-11-13
TXN00000658,CUST00062,2025-07-05,DEPOSIT,5145.77,ACC0000000057,Los Angeles,EMP0046,elizabeth MARTINEZ,customer867@bank.com,6907733005,,,Checking,Online,United States,  CA  ,5067.71,642.0,2024-01-16
TXN00000616,CUST00290,2024-10-04,withdrawal,12388.4,ACC0000000234,  PHILADELPHIA  ,EMP0035,elizabeth Williams,customer868@yahoo.com,8721782251,ACTIVE,Low,MORTGAGE,atm,CANADA,ca,44154.92,767.0,2024-03-13
TXN00000358,CUST00022,2025-07-29,transfer,12258.0,ACC0000000232,,EMP0065,MARIA MARTINEZ,customer869@outlook.com,4566564372,SUSPENDED,High,SAVINGS,mobile,  Mexico  ,TX,98516.23,642.0,2025-09-29
TXN00000517,CUST00178,01-08-2026,Payment,12672.55,  ACC0000000140  ,,,james   johnson  ,customer870@outlook.com,7068226848,ACTIVE,high,investment,Online,canada,  NY  ,40123.66,761.0,2026-06-06
TXN00000348,CUST00273,2025-12-13,,5012.99,ACC0000000252,CHICAGO,EMP0088,james   jones  ,customer871@hotmail.com,4255545959,inactive,Low,credit card,mobile,usa,CA,15982.53,631.0,2025-10-29
TXN00000853,CUST00220,2024-10-05,PAYMENT,11522.88,ACC0000000097,Phoenix,EMP0055,elizabeth BROWN,customer872@hotmail.com,5758985795,ACTIVE,Medium,investment,,usa,  NY  ,98764.78,490.0,2025-05-23
TXN00000739,CUST00339,2024-05-20,Transfer,9019.27,ACC0000000165,  PHILADELPHIA  ,EMP0036,William   jones  ,customer873@yahoo.com,8693509631,Suspended,MEDIUM,Loan,Online,canada,,53193.72,389.0,2024-04-08
TXN00000019,CUST00190,2024-04-21,Transfer,10764.04,ACC0000000010,dallas,EMP0007,  PATRICIA   SMITH,customer874@bank.com,4734269870,Active,low,credit card,mobile,CANADA,tx,60592.3,475.0,2024-05-19
TXN00000519,CUST00036,2026-13-45,deposit,5481.25,ACC0000000078,dallas,EMP0009,William MARTINEZ,customer875@bank.com,7152061884,active,,investment,BRANCH,  USA  ,ca,,733.0,
TXN00000201,CUST00260,2025-09-22,DEPOSIT,6815.36,ACC0000000026,CHICAGO,EMP0048,Robert rodriguez,customer876@bank.com,5545208966,inactive,Low,credit card,,United States,ny,7746.84,619.0,2026-01-16
TXN00000606,CUST00332,2026-01-28,Withdrawal,1506.68,ACC0000000274,SAN DIEGO,EMP0045,  LINDA   SMITH,customer877@yahoo.com,4861804335,active,  HIGH  ,Loan,Online,United States,TX,3183.43,471.0,2025-11-08
TXN00000707,CUST00175,2025-08-23,withdrawal,9900.71,ACC0000000012,Los Angeles,EMP0058,michael SMITH,customer878@gmail.com,3409619535,  Active  ,low,credit card,mobile,United States,FL,83469.04,704.0,2024-04-01
TXN00000974,CUST00007,2024-09-02,PAYMENT,82.84,ACC0000000096,San Antonio,EMP0063,JENNIFER   MILLER  ,customer879@outlook.com,4364124453,,Medium,credit card,  Branch  ,mexico,  CA  ,9829.0,347.0,2024-06-02
TXN00000095,CUST00216,2024/09/05,DEPOSIT,,ACC0000000053,Los Angeles,EMP0065,michael   jones  ,USER880@YAHOO.COM,3254813325,Suspended,Medium,Loan,  ONLINE  ,usa,ca,8311.45,,2024-11-10
TXN00000736,CUST00251,2024-02-21,Payment,5359.33,ACC0000000145,  PHILADELPHIA  ,EMP0068,MARIA rodriguez,customer881@gmail.com,2363408213,SUSPENDED,Medium,Loan,BRANCH,USA,,99872.37,536.0,2024-03-16
TXN00000470,CUST00055,2025-11-16,Withdrawal,9523.23,ACC0000000138,SAN DIEGO,EMP0016,  LINDA   Davis,customer882@bank.com,8658828434,Active,High,Checking,  ONLINE  ,MEXICO,  CA  ,12181.67,546.0,2024-07-25
TXN00000265,CUST00222,2025-06-27,DEPOSIT,12008.7,ACC0000000065,Los Angeles,EMP0061,JENNIFER rodriguez,customer883@outlook.com,3161219174,SUSPENDED,low,credit card,Mobile,USA,ca,89709.91,729.0,2025-08-08
TXN00000935,CUST00186,2024-08-19,DEPOSIT,8237.97,ACC0000000225,Phoenix,EMP0091,  John   BROWN,customer884@hotmail.com,2343765554,Suspended,  HIGH  ,Checking,ATM,,FL,99427.88,483.0,2024-09-06
TXN00000297,CUST00326,15-10-2025,DEPOSIT,5639.66,ACC0000000005,SAN DIEGO,,  John     jones  ,customer885@yahoo.com,8024935921,Suspended,Low,  Checking  ,Mobile,  Mexico  ,  CA  ,25580.23,308.0,2026-02-08
TXN00000768,CUST00236,2024-08-26,deposit,1639.52,ACC0000000120,,EMP0069,michael rodriguez,customer886@hotmail.com,2861615572,Active,Medium,investment,mobile,usa,  NY  ,66456.93,444.0,2026-01-03
TXN00000176,CUST00363,2024-02-23,deposit,13458.31,ACC0000000047,San Antonio,EMP0087,  LINDA   GARCIA,customer887@yahoo.com,8244939115,INACTIVE,  HIGH  ,SAVINGS,Online,MEXICO,FL,98726.44,768.0,2025-03-16
TXN00000099,CUST00079,2024-04-12,TRANSFER,7411.71,ACC0000000078,dallas,EMP0069,  John     MILLER  ,customer888@outlook.com,2199837268,Suspended,low,SAVINGS,  Branch  ,,TX,64369.6,678.0,2025-09-27
TXN00000173,CUST00223,2025-02-27,withdrawal,12336.49,ACC0000000008,San Antonio,EMP0038,  PATRICIA   GARCIA,customer889@outlook.com,5935541727,INACTIVE,high,,atm,CANADA,tx,17161.27,662.0,2025-02-17
TXN00000197,CUST00091,2024/12/04,Withdrawal,11150.54,ACC0000000253,houston,EMP0058,MARIA MARTINEZ,customer890@yahoo.com,4293107214,ACTIVE,High,credit card,,United States,FL,82254.1,833.0,2025-04-18
TXN00000142,CUST00376,2026-01-04,withdrawal,6167.7,ACC0000000112,dallas,EMP0080,  John   BROWN,customer891@bank.com,3887758062,  Active  ,Medium,credit card,mobile,usa,CA,21252.54,491.0,2025-06-28
TXN00000652,CUST00268,2025-04-28,withdrawal,3851.63,ACC0000000176,houston,EMP0048,michael   johnson  ,customer892@hotmail.com,7451535999,SUSPENDED,,investment,BRANCH,mexico,,41330.57,379.0,2025-08-03
TXN00000172,CUST00334,2024-04-12,DEPOSIT,2979.03,ACC0000000216,SAN DIEGO,EMP0087,  PATRICIA   BROWN,customer893@yahoo.com,2326546698,,Medium,SAVINGS,ATM,United States,FL,24032.24,561.0,2025-10-24
TXN00000669,CUST00139,2025-11-28,,1855.15,ACC0000000160,CHICAGO,EMP0089,james GARCIA,customer894@gmail.com,2267236508,inactive,high,SAVINGS,BRANCH,,,48035.93,773.0,2025-04-09
TXN00000917,CUST00316,2026-02-28,transfer,12790.31,ACC0000000256,,EMP0009,Robert   johnson  ,customer895@bank.com,4689294547,SUSPENDED,  HIGH  ,Checking,Mobile,usa,ny,41355.62,774.0,2025-02-19
TXN00000324,CUST00276,2024-05-20,Transfer,3273.06,ACC0000000191,San Antonio,EMP0025,MARIA SMITH,customer896@hotmail.com,9751286586,inactive,MEDIUM,Checking,  ONLINE  ,usa,NY,1042.02,325.0,2024-02-07
TXN00000958,CUST00397,2024-01-06,transfer,12377.08,ACC0000000238,Los Angeles,EMP0059,  LINDA     MILLER  ,customer897@hotmail.com,9439498111,,Medium,credit card,  ONLINE  ,MEXICO,TX,19471.46,429.0,2025-08-02
TXN00000524,CUST00248,2025-07-17,withdrawal,2899.15,ACC0000000017,  PHILADELPHIA  ,EMP0012,  John   MARTINEZ,customer898@bank.com,6379011935,inactive,Medium,MORTGAGE,  ONLINE  ,,FL,25613.91,301.0,2025-06-19
TXN00000793,CUST00239,2024-06-10,PAYMENT,5102.11,ACC0000000170,houston,EMP0011,JENNIFER   jones  ,customer899@gmail.com,3116667358,ACTIVE,High,SAVINGS,Online,canada,FL,91916.71,755.0,2025-04-30
TXN00000690,CUST00224,,deposit,$7595.78,ACC0000000042,dallas,,  PATRICIA     johnson  ,user900@gmail,,active,Medium,Checking,mobile,United States,,32800.54,417.0,
TXN00000742,CUST00375,2025-02-20,Payment,745.18,ACC0000000075,San Antonio,EMP0051,  LINDA   BROWN,customer901@hotmail.com,9387945709,Suspended,low,,  Branch  ,USA,ny,51593.31,393.0,2024-08-08
TXN00000491,CUST00304,2025-10-30,withdrawal,9516.94,ACC0000000029,San Antonio,EMP0023,JENNIFER SMITH,customer902@bank.com,7475747944,,MEDIUM,Loan,  ONLINE  ,CANADA,,40660.22,652.0,2024-03-16
TXN00000275,CUST00138,2026-06-18,Withdrawal,10098.52,ACC0000000137,dallas,EMP0037,JENNIFER rodriguez,customer903@outlook.com,7868369501,Suspended,MEDIUM,MORTGAGE,atm,MEXICO,CA,78196.13,465.0,2024-06-17
TXN00000585,CUST00166,2025-05-02,transfer,1892.13,ACC0000000201,  PHILADELPHIA  ,EMP0010,  PATRICIA     johnson  ,customer904@yahoo.com,4662667247,ACTIVE,,credit card,  Branch  ,canada,  CA  ,70332.84,531.0,2025-03-12
TXN00000777,CUST00126,2025-05-03,PAYMENT,13381.73,ACC0000000037,SAN DIEGO,EMP0014,elizabeth MARTINEZ,customer905@outlook.com,6788634903,active,Medium,investment,MOBILE,  USA  ,  CA  ,91090.97,306.0,2025-05-17
TXN00000568,CUST00045,2025-10-28,Payment,6887.95,ACC0000000279,houston,EMP0022,  LINDA     johnson  ,customer906@hotmail.com,3351155598,Active,  HIGH  ,  Checking  ,mobile,USA,CA,36671.3,485.0,2025-05-10
TXN00000157,CUST00143,2024-07-23,DEPOSIT,8860.28,ACC0000000241,CHICAGO,EMP0036,  LINDA   MARTINEZ,customer907@outlook.com,8983802401,inactive,high,Checking,mobile,CANADA,  NY  ,95658.68,493.0,2024-08-24
TXN00000064,CUST00231,2026-02-13,DEPOSIT,7587.75,ACC0000000093,Los Angeles,EMP0015,MARIA   johnson  ,customer908@gmail.com,4558899893,  Active  ,,Loan,  Branch  ,United States,CA,75297.17,741.0,2024-03-22
TXN00000575,CUST00125,2024-10-21,withdrawal,14459.63,ACC0000000099,dallas,EMP0090,  John   SMITH,customer909@hotmail.com,5024457465,INACTIVE,High,Loan,mobile,  Mexico  ,FL,50063.6,472.0,2026-03-28
TXN00000653,CUST00385,2024/11/24,DEPOSIT,114.85,ACC0000000129,,EMP0019,michael GARCIA,,239-730-5493,Inactive,low,  Checking  ,BRANCH,mexico,NY,,401.0,2025-09-08
TXN00000501,CUST00238,2024-10-19,transfer,11056.4,ACC0000000196,Los Angeles,EMP0064,MARIA Williams,customer911@yahoo.com,5703755104,,  HIGH  ,investment,ATM,usa,,26956.09,475.0,2026-02-27
TXN00000915,CUST00292,2025-10-23,Withdrawal,8320.73,ACC0000000007,dallas,EMP0020,  John   Davis,customer912@yahoo.com,8689291202,  Active  ,Medium,investment,MOBILE,usa,TX,62011.68,369.0,2024-07-08
TXN00001048,CUST00313,2024-03-01,deposit,6520.52,ACC0000000063,dallas,EMP0027,  John     jones  ,customer913@yahoo.com,3274146259,SUSPENDED,Medium,credit card,mobile,canada,FL,43462.85,661.0,2024-05-15
TXN00000530,CUST00343,2026-02-26,Withdrawal,8797.55,ACC0000000128,,EMP0067,elizabeth   MILLER  ,customer914@gmail.com,4709673929,Suspended,  HIGH  ,Checking,Online,,ny,65378.29,837.0,2025-03-24
TXN00000808,CUST00195,01-04-2024,deposit,13869.34,ACC0000000198,  PHILADELPHIA  ,,MARIA   johnson  ,customer915@yahoo.com,6545731282,Active,Medium,SAVINGS,  Branch  ,United States,,87431.15,427.0,2025-10-29
TXN00001040,CUST00173,2025-10-29,withdrawal,11727.17,ACC0000000227,SAN DIEGO,EMP0081,  John   rodriguez,customer916@outlook.com,6501098642,SUSPENDED,high,credit card,ATM,,ny,70004.44,834.0,2025-02-02
TXN00000659,CUST00015,2025-08-10,Payment,13657.21,ACC0000000127,Los Angeles,EMP0003,  John     jones  ,customer917@outlook.com,2374678867,INACTIVE,high,MORTGAGE,  Branch  ,MEXICO,  CA  ,28086.41,800.0,2025-11-22
TXN00000321,CUST00254,2024-08-25,TRANSFER,10392.67,ACC0000000018,,EMP0038,michael   MILLER  ,customer918@hotmail.com,8539644569,Active,Medium,investment,  Branch  ,USA,ny,78982.1,304.0,2026-02-21
TXN00000237,CUST00167,2025-07-01,DEPOSIT,2646.07,ACC0000000102,CHICAGO,EMP0054,MARIA MARTINEZ,customer919@yahoo.com,6181592303,ACTIVE,Low,Checking,ATM,  Mexico  ,FL,42222.7,674.0,2024-01-29
TXN00000549,CUST00094,2026/01/26,Payment,-4094.6963550826213,ACC0000000236,Phoenix,EMP0088,michael BROWN,USER920@YAHOO.COM,4837246145,SUSPENDED,MEDIUM,investment,,mexico,  NY  ,84667.67,,2025-04-16
TXN00000759,CUST00250,2026-01-10,,1598.13,ACC0000000049,San Antonio,EMP0070,elizabeth MARTINEZ,customer921@gmail.com,2655513945,SUSPENDED,High,credit card,mobile,mexico,FL,47534.58,396.0,2024-12-13
TXN00001026,CUST00109,2026-05-20,transfer,9879.95,ACC0000000267,Los Angeles,EMP0017,  John   Davis,customer922@bank.com,4648845524,inactive,low,SAVINGS,mobile,CANADA,,74293.22,744.0,2025-12-13
TXN00000043,CUST00182,2024-02-08,transfer,9112.1,ACC0000000107,dallas,EMP0061,michael Davis,customer923@outlook.com,4659899108,Active,low,Loan,ATM,canada,,89760.99,408.0,2025-08-13
TXN00000013,CUST00133,2024-06-28,transfer,4861.56,ACC0000000243,Los Angeles,EMP0045,michael MARTINEZ,customer924@hotmail.com,3303323858,  Active  ,high,Loan,atm,  USA  ,ca,93204.44,414.0,2025-06-27
TXN00000888,CUST00175,2026-13-45,TRANSFER,13226.79,ACC0000000200,dallas,EMP0054,elizabeth   johnson  ,customer925@outlook.com,3509921812,inactive,,credit card,mobile,USA,ca,7468.02,815.0,
TXN00000762,CUST00144,2025-03-03,Transfer,6309.04,ACC0000000160,San Antonio,EMP0057,JENNIFER SMITH,customer926@outlook.com,4382171630,INACTIVE,MEDIUM,credit card,mobile,usa,ny,52062.93,747.0,2025-07-01
TXN00000226,CUST00306,2026-05-07,TRANSFER,9154.46,ACC0000000166,  PHILADELPHIA  ,EMP0095,  LINDA   rodriguez,customer927@hotmail.com,3888009302,Suspended,High,SAVINGS,BRANCH,,  NY  ,70319.27,516.0,2025-09-28
TXN00000277,CUST00360,2024-06-29,Payment,10403.11,ACC0000000082,,EMP0083,JENNIFER MARTINEZ,customer928@outlook.com,6506936199,inactive,MEDIUM,MORTGAGE,Mobile,USA,tx,59860.17,848.0,2025-05-01
TXN00000487,CUST00142,2024-02-07,,3761.17,ACC0000000022,  NEW YORK  ,EMP0003,  PATRICIA     johnson  ,customer929@outlook.com,2426664734,INACTIVE,MEDIUM,  Checking  ,MOBILE,MEXICO,,57750.22,680.0,2025-10-26
TXN00000457,CUST00285,01-08-2026,transfer,5998.16,  ACC0000000282  ,Los Angeles,,MARIA SMITH,customer930@gmail.com,2628315244,Active,,Loan,Mobile,United States,,55115.5,640.0,2025-07-11
TXN00001022,CUST00006,2026-05-06,,5175.74,ACC0000000267,houston,EMP0038,elizabeth   johnson  ,customer931@bank.com,4631166789,,low,SAVINGS,Online,  USA  ,tx,5141.26,383.0,2025-03-06
TXN00000085,CUST00265,2025-02-10,Payment,4447.89,ACC0000000063,CHICAGO,EMP0025,elizabeth BROWN,customer932@hotmail.com,7538351732,INACTIVE,high,SAVINGS,atm,  USA  ,CA,54563.14,620.0,2024-12-26
TXN00000376,CUST00098,2026-03-17,Withdrawal,12081.71,ACC0000000130,dallas,EMP0009,elizabeth Williams,customer933@hotmail.com,8143406729,active,Medium,MORTGAGE,BRANCH,United States,tx,90847.76,774.0,2024-08-30
TXN00000463,CUST00044,2025-05-22,TRANSFER,2115.79,ACC0000000247,  NEW YORK  ,EMP0003,William   jones  ,customer934@yahoo.com,3111799305,INACTIVE,Medium,Loan,atm,USA,ca,1282.3,781.0,2026-05-10
TXN00000478,CUST00124,2024-07-09,Transfer,9057.74,ACC0000000153,CHICAGO,EMP0030,JENNIFER   MILLER  ,customer935@bank.com,6542159372,inactive,,,mobile,  USA  ,  NY  ,40669.76,471.0,2025-10-14
TXN00000884,CUST00369,2026-02-05,Payment,13302.23,ACC0000000102,CHICAGO,EMP0067,  LINDA   MARTINEZ,customer936@outlook.com,2793424343,Suspended,high,,  ONLINE  ,United States,  CA  ,83499.47,396.0,2024-07-31
TXN00000164,CUST00209,2026-06-12,PAYMENT,7708.8,ACC0000000185,,EMP0083,  LINDA   Williams,customer937@gmail.com,5336847084,Active,,  Checking  ,BRANCH,United States,NY,15400.56,690.0,2025-10-08
TXN00000075,CUST00251,2024-10-23,Withdrawal,12653.96,ACC0000000027,SAN DIEGO,EMP0043,  PATRICIA   Williams,customer938@yahoo.com,8975252169,SUSPENDED,MEDIUM,MORTGAGE,mobile,United States,,27878.36,829.0,2025-12-02
TXN00000728,CUST00285,2026-06-16,DEPOSIT,8239.7,ACC0000000112,Phoenix,EMP0053,  John   SMITH,customer939@hotmail.com,8575365638,inactive,low,MORTGAGE,Mobile,  USA  ,TX,44842.25,345.0,2025-08-08
TXN00000906,CUST00389,2024/02/08,Payment,4742.97,ACC0000000058,San Antonio,EMP0075,james   jones  ,customer940@bank.com,3461256350,INACTIVE,MEDIUM,Loan,ATM,MEXICO,tx,41956.25,351.0,2025-12-16
TXN00000362,CUST00124,2024-01-10,PAYMENT,11065.44,ACC0000000121,dallas,EMP0044,elizabeth   MILLER  ,customer941@gmail.com,8219076902,Active,Medium,credit card,  ONLINE  ,CANADA,TX,84931.3,647.0,2025-12-10
TXN00000908,CUST00354,2024-11-01,transfer,8326.04,ACC0000000223,dallas,EMP0084,William GARCIA,customer942@hotmail.com,5435177139,  Active  ,High,MORTGAGE,,USA,tx,11354.04,542.0,2024-11-12
TXN00000977,CUST00244,2025-08-04,DEPOSIT,3299.27,ACC0000000167,,EMP0083,Robert MARTINEZ,customer943@outlook.com,6814011510,ACTIVE,  HIGH  ,  Checking  ,mobile,CANADA,NY,23420.94,790.0,2024-07-26
TXN00000576,CUST00331,2025-09-09,,3185.2,ACC0000000008,houston,EMP0042,William Williams,customer944@yahoo.com,3644771730,inactive,Low,  Checking  ,ATM,United States,,33318.36,847.0,2024-04-28
TXN00000891,CUST00365,19-04-2024,Transfer,10730.05,ACC0000000086,houston,,james Davis,customer945@bank.com,4972531418,Active,High,,Online,,  CA  ,,521.0,2025-09-09
TXN00000673,CUST00252,2024-12-09,deposit,10314.84,ACC0000000142,  PHILADELPHIA  ,EMP0063,Robert MARTINEZ,customer946@yahoo.com,3087234464,,high,SAVINGS,atm,  USA  ,CA,19286.09,368.0,2024-04-03
TXN00000017,CUST00230,2024-10-18,deposit,13821.82,ACC0000000300,Phoenix,EMP0076,JENNIFER   jones  ,customer947@outlook.com,5206239326,Suspended,low,investment,  Branch  ,USA,FL,40057.45,684.0,2025-10-07
TXN00000725,CUST00009,2025-04-10,withdrawal,2033.44,ACC0000000062,dallas,EMP0086,JENNIFER SMITH,customer948@outlook.com,7958296636,Inactive,Low,Checking,atm,usa,tx,38276.64,458.0,2026-02-27
TXN00000254,CUST00048,2025-10-18,Withdrawal,10670.43,ACC0000000203,Phoenix,EMP0090,William MARTINEZ,customer949@hotmail.com,4204871534,active,  HIGH  ,credit card,,United States,ny,27237.62,820.0,2025-01-26
TXN00000993,CUST00151,2026/08/01,transfer,14628.93,ACC0000000125,San Antonio,EMP0068,james SMITH,user950@gmail,(872) 843-3458,ACTIVE,High,Checking,  Branch  ,mexico,TX,42796.33,791.0,
TXN00000107,CUST00114,2025-07-10,Withdrawal,2708.3,ACC0000000005,  PHILADELPHIA  ,EMP0071,  PATRICIA   rodriguez,customer951@yahoo.com,5908802285,,High,,  Branch  ,MEXICO,ca,66653.63,476.0,2024-12-02
TXN00000124,CUST00208,2025-06-20,deposit,8160.25,ACC0000000022,Los Angeles,EMP0057,William SMITH,customer952@yahoo.com,2793299249,ACTIVE,High,SAVINGS,,  Mexico  ,FL,62123.26,821.0,2024-11-12
TXN00000154,CUST00355,2025-05-20,,9571.32,ACC0000000298,dallas,EMP0059,michael GARCIA,customer953@yahoo.com,7887459982,active,High,credit card,  Branch  ,  USA  ,ca,91598.67,582.0,2024-07-11
TXN00000431,CUST00125,2024-05-17,withdrawal,10669.77,ACC0000000244,  NEW YORK  ,EMP0039,  PATRICIA   BROWN,customer954@yahoo.com,9515289830,active,  HIGH  ,credit card,atm,usa,tx,70189.19,639.0,2024-02-01
TXN00000761,CUST00157,2026-05-21,PAYMENT,11423.59,ACC0000000080,dallas,EMP0073,  PATRICIA     johnson  ,customer955@gmail.com,9502249646,SUSPENDED,High,Checking,  Branch  ,  USA  ,tx,58595.19,618.0,2025-06-08
TXN00000559,CUST00340,2025-05-31,DEPOSIT,8456.09,ACC0000000191,SAN DIEGO,EMP0017,JENNIFER BROWN,customer956@hotmail.com,2527218738,Suspended,high,investment,MOBILE,CANADA,FL,69951.45,354.0,2025-11-19
TXN00000922,CUST00298,2025-04-24,Transfer,8762.95,ACC0000000046,San Antonio,EMP0040,  LINDA   Davis,customer957@bank.com,8756379525,INACTIVE,Low,SAVINGS,Mobile,  Mexico  ,,55405.66,398.0,2026-01-12
TXN00000309,CUST00189,2024-10-06,transfer,14142.97,ACC0000000128,CHICAGO,EMP0022,elizabeth GARCIA,customer958@gmail.com,6514245410,inactive,low,MORTGAGE,Mobile,USA,tx,31849.96,826.0,2026-03-15
TXN00000803,CUST00243,2024-07-16,DEPOSIT,10666.35,ACC0000000081,Phoenix,EMP0034,elizabeth MARTINEZ,customer959@yahoo.com,3999565801,SUSPENDED,High,Checking,,  USA  ,TX,51165.6,441.0,2025-08-15
TXN00001045,CUST00284,01-08-2026,Transfer,,ACC0000000256,  NEW YORK  ,,JENNIFER MARTINEZ,USER960@YAHOO.COM,4494364982,  Active  ,Low,MORTGAGE,Online,mexico,,57154.92,,2025-10-14
TXN00000012,CUST00272,2026-04-08,TRANSFER,10129.94,ACC0000000047,  PHILADELPHIA  ,EMP0030,Robert   MILLER  ,customer961@outlook.com,9864704782,Inactive,  HIGH  ,Loan,  Branch  ,USA,  CA  ,69180.23,472.0,2024-12-08
TXN00000388,CUST00177,2024-04-25,Payment,13413.3,ACC0000000174,SAN DIEGO,EMP0062,JENNIFER Williams,customer962@outlook.com,6664222890,,  HIGH  ,credit card,,canada,FL,86806.49,788.0,2024-07-05
TXN00000092,CUST00218,2024-12-04,Transfer,8031.85,ACC0000000031,  NEW YORK  ,EMP0048,MARIA Davis,customer963@yahoo.com,9093468291,  Active  ,,Checking,mobile,  USA  ,FL,33405.34,466.0,2024-08-26
TXN00001020,CUST00382,2024-06-15,Transfer,13168.28,ACC0000000031,  NEW YORK  ,EMP0037,  John   Davis,customer964@gmail.com,9505196929,SUSPENDED,High,MORTGAGE,  Branch  ,  Mexico  ,TX,59246.87,301.0,2024-05-07
TXN00000996,CUST00282,2026-01-18,Withdrawal,6364.68,ACC0000000183,SAN DIEGO,EMP0099,  PATRICIA   SMITH,customer965@gmail.com,2814609284,Active,,credit card,atm,usa,,97910.72,355.0,2024-05-28
TXN00000850,CUST00170,2025-04-14,,240.92,ACC0000000079,  PHILADELPHIA  ,EMP0007,  PATRICIA   BROWN,customer966@hotmail.com,2784708932,ACTIVE,high,credit card,mobile,usa,tx,80554.35,481.0,2024-02-16
TXN00000516,CUST00181,2025-10-25,TRANSFER,1641.73,ACC0000000275,Los Angeles,EMP0019,  LINDA   MARTINEZ,customer967@outlook.com,8193358355,inactive,,credit card,ATM,  USA  ,  CA  ,5880.75,518.0,2024-06-11
TXN00000123,CUST00360,2024-09-20,,5744.01,ACC0000000055,Phoenix,EMP0046,  PATRICIA   BROWN,customer968@yahoo.com,6283353052,inactive,,investment,BRANCH,United States,  CA  ,13287.57,601.0,2024-05-03
TXN00000098,CUST00233,2026-01-05,Withdrawal,843.32,ACC0000000065,  NEW YORK  ,EMP0037,  LINDA   GARCIA,customer969@gmail.com,7503507678,Active,low,  Checking  ,  ONLINE  ,usa,  NY  ,14342.0,849.0,2025-08-23
TXN00000869,CUST00139,2024/07/09,Withdrawal,896.24,ACC0000000250,houston,EMP0059,michael BROWN,customer970@gmail.com,8906983263,active,Medium,SAVINGS,Mobile,  USA  ,,60311.71,430.0,2024-03-11
TXN00000248,CUST00157,2024-01-15,Withdrawal,4041.33,ACC0000000120,San Antonio,EMP0022,michael Williams,customer971@bank.com,8203665700,  Active  ,low,  Checking  ,MOBILE,  Mexico  ,FL,18877.56,534.0,2024-12-26
TXN00000327,CUST00129,2026-01-24,DEPOSIT,11793.71,ACC0000000163,dallas,EMP0080,  John   GARCIA,customer972@hotmail.com,5494212932,ACTIVE,,investment,Online,usa,NY,84637.03,438.0,2026-05-12
TXN00000369,CUST00119,2024-12-11,,14753.81,ACC0000000286,San Antonio,EMP0021,  John     johnson  ,customer973@bank.com,2835187898,Suspended,Medium,SAVINGS,  ONLINE  ,  Mexico  ,tx,78323.55,459.0,2024-01-25
TXN00000025,CUST00062,2026-03-20,,10266.69,ACC0000000178,  PHILADELPHIA  ,EMP0092,JENNIFER SMITH,customer974@outlook.com,7172519096,,Medium,Checking,Mobile,United States,CA,99473.72,360.0,2026-03-04
TXN00000293,CUST00370,2026-13-45,transfer,2239.1,ACC0000000225,San Antonio,,William   johnson  ,customer975@yahoo.com,8478914245,ACTIVE,High,investment,,  USA  ,,25393.25,558.0,
TXN00000860,CUST00099,2024-10-29,withdrawal,977.39,ACC0000000099,San Antonio,EMP0069,james   jones  ,customer976@outlook.com,3849978439,inactive,Medium,credit card,,MEXICO,  NY  ,92946.08,390.0,2024-12-23
TXN00000183,CUST00162,2025-08-04,TRANSFER,11776.14,ACC0000000011,San Antonio,EMP0037,  LINDA   BROWN,customer977@yahoo.com,2152702979,INACTIVE,Medium,investment,,canada,,89026.23,584.0,2025-05-12
TXN00000694,CUST00062,2025-11-21,DEPOSIT,3099.81,ACC0000000194,San Antonio,EMP0024,elizabeth GARCIA,customer978@gmail.com,6283698698,Suspended,MEDIUM,,Online,canada,CA,5404.35,585.0,2026-04-06
TXN00000328,CUST00381,2026-02-14,TRANSFER,8140.52,ACC0000000184,SAN DIEGO,EMP0023,  John   SMITH,customer979@gmail.com,9602033070,Suspended,high,SAVINGS,MOBILE,canada,TX,12225.46,798.0,2025-01-22
TXN00000820,CUST00275,2024/07/16,DEPOSIT,5412.3,ACC0000000069,houston,EMP0091,  PATRICIA   BROWN,,234-953-8068,Active,Medium,  Checking  ,ATM,,  CA  ,,585.0,2024-10-05
TXN00000448,CUST00391,2024-06-28,,6816.29,ACC0000000129,CHICAGO,EMP0089,Robert Williams,customer981@yahoo.com,2248063735,active,High,,MOBILE,,NY,47973.6,516.0,2024-10-16
TXN00000005,CUST00354,2025-09-17,Payment,9260.83,ACC0000000021,,EMP0086,  PATRICIA     jones  ,customer982@outlook.com,2742359436,INACTIVE,high,investment,atm,mexico,  NY  ,42825.73,434.0,2025-07-30
TXN00001033,CUST00095,2026-05-26,withdrawal,10149.11,ACC0000000249,CHICAGO,EMP0020,james GARCIA,customer983@outlook.com,7424977919,ACTIVE,MEDIUM,,BRANCH,CANADA,CA,73091.57,837.0,2025-10-17
TXN00000743,CUST00099,2025-10-16,,8450.18,ACC0000000225,houston,EMP0021,William BROWN,customer984@hotmail.com,5622307591,Suspended,  HIGH  ,credit card,ATM,  USA  ,ny,23479.85,412.0,2025-04-12
TXN00000830,CUST00111,2025-02-19,deposit,3403.4,ACC0000000287,SAN DIEGO,EMP0031,james BROWN,customer985@bank.com,9136704955,ACTIVE,Medium,investment,BRANCH,,CA,60004.65,367.0,2026-03-29
TXN00000343,CUST00379,2026-04-26,Withdrawal,9724.44,ACC0000000151,San Antonio,EMP0015,  John   Williams,customer986@yahoo.com,9294002950,Inactive,MEDIUM,credit card,,canada,  NY  ,75517.93,731.0,2024-10-17
TXN00000364,CUST00248,2025-03-13,transfer,5863.86,ACC0000000278,  PHILADELPHIA  ,EMP0006,Robert   johnson  ,customer987@outlook.com,5449446515,  Active  ,High,  Checking  ,mobile,,TX,55968.7,668.0,2025-05-06
TXN00000132,CUST00142,2025-06-11,DEPOSIT,7688.29,ACC0000000251,San Antonio,EMP0041,  John   Williams,customer988@gmail.com,8057232765,INACTIVE,Medium,MORTGAGE,atm,United States,TX,40093.69,500.0,2024-01-08
TXN00000640,CUST00371,2024-12-01,TRANSFER,11962.66,ACC0000000098,CHICAGO,EMP0074,michael   johnson  ,customer989@outlook.com,9391462208,INACTIVE,High,investment,Mobile,CANADA,FL,42703.63,310.0,2025-12-29
TXN00000867,CUST00302,01-08-2026,Withdrawal,10457.12,  ACC0000000291  ,Phoenix,,JENNIFER BROWN,customer990@outlook.com,,  Active  ,  HIGH  ,credit card,mobile,  Mexico  ,  NY  ,25606.73,429.0,2024-02-21
TXN00000179,CUST00390,2024-03-29,Payment,10409.39,ACC0000000096,CHICAGO,EMP0017,Robert Davis,customer991@hotmail.com,9564638354,,low,credit card,Online,  USA  ,tx,97610.56,313.0,2024-01-02
TXN00000760,CUST00269,2025-02-14,Transfer,752.35,ACC0000000279,CHICAGO,EMP0057,  PATRICIA   GARCIA,customer992@outlook.com,6187458368,,Low,  Checking  ,,,FL,65114.23,430.0,2024-05-23
TXN00000846,CUST00306,2025-11-16,Payment,5754.66,ACC0000000179,  NEW YORK  ,EMP0034,JENNIFER Williams,customer993@hotmail.com,9589548138,Inactive,  HIGH  ,SAVINGS,BRANCH,CANADA,CA,10900.82,336.0,2025-03-06
TXN00000738,CUST00145,2024-04-07,DEPOSIT,6277.67,ACC0000000166,Los Angeles,EMP0048,William MARTINEZ,customer994@gmail.com,4968758816,Active,  HIGH  ,  Checking  ,mobile,MEXICO,CA,58347.62,512.0,2025-07-28
TXN00000188,CUST00052,2024-07-08,Withdrawal,11832.27,ACC0000000240,  NEW YORK  ,EMP0024,michael   johnson  ,customer995@gmail.com,9162374005,inactive,  HIGH  ,credit card,ATM,mexico,ca,33437.73,351.0,2025-04-20
TXN00000207,CUST00100,2024-05-23,DEPOSIT,10292.97,ACC0000000141,CHICAGO,EMP0027,MARIA Williams,customer996@gmail.com,9418849345,  Active  ,,Checking,BRANCH,MEXICO,  CA  ,60349.89,583.0,2025-02-09
TXN00000082,CUST00152,2025-05-03,PAYMENT,14489.21,ACC0000000284,,EMP0072,james BROWN,customer997@gmail.com,2852551127,SUSPENDED,MEDIUM,SAVINGS,atm,,ny,38519.31,452.0,2024-11-09
TXN00000385,CUST00117,2024-11-27,transfer,854.34,ACC0000000083,San Antonio,EMP0091,  PATRICIA   rodriguez,customer998@gmail.com,8077077060,Inactive,high,SAVINGS,Online,United States,,1760.15,524.0,2024-11-12
TXN00000990,CUST00185,2024-09-11,transfer,11167.87,ACC0000000036,CHICAGO,EMP0005,michael GARCIA,customer999@outlook.com,8907648430,Suspended,Low,credit card,atm,USA,  CA  ,3452.55,434.0,2025-07-11
TXN00000368,CUST00328,,Transfer,,ACC0000000104,SAN DIEGO,,JENNIFER GARCIA,,,Suspended,low,SAVINGS,mobile,  Mexico  ,NY,,,
TXN00000620,CUST00058,2025-11-23,TRANSFER,872.68,ACC0000000227,CHICAGO,EMP0011,james GARCIA,customer1@hotmail.com,8567849351,inactive,high,Checking,  ONLINE  ,CANADA,TX,78059.53,608.0,2024-05-13
TXN00000029,CUST00013,2026-01-06,Withdrawal,10007.89,ACC0000000116,,EMP0018,  LINDA   rodriguez,customer2@bank.com,4301238856,SUSPENDED,low,SAVINGS,  Branch  ,CANADA,ny,34920.52,439.0,2026-01-04
TXN00000260,CUST00380,2024-08-31,Payment,9887.88,ACC0000000189,Phoenix,EMP0083,james rodriguez,customer3@outlook.com,4808102549,active,Low,  Checking  ,mobile,mexico,TX,38078.4,605.0,2025-03-25
TXN00000562,CUST00141,2025-03-30,PAYMENT,2675.91,ACC0000000280,Phoenix,EMP0054,Robert   johnson  ,customer4@yahoo.com,8072857290,,,investment,BRANCH,United States,,25869.37,843.0,2025-05-24
TXN00000094,CUST00126,2025-09-17,TRANSFER,239.34,ACC0000000101,SAN DIEGO,EMP0059,  John     MILLER  ,customer5@gmail.com,6957608105,  Active  ,high,Checking,  ONLINE  ,CANADA,tx,93488.86,556.0,2025-01-02
TXN00000112,CUST00115,2024-10-18,deposit,2101.32,ACC0000000100,  PHILADELPHIA  ,EMP0090,  LINDA   Williams,customer6@bank.com,5056853051,INACTIVE,low,credit card,MOBILE,  USA  ,ca,39924.16,483.0,2026-05-20
TXN00000599,CUST00072,2026-02-09,TRANSFER,219.69,ACC0000000151,,EMP0078,  LINDA   GARCIA,customer7@bank.com,3014332040,ACTIVE,low,SAVINGS,MOBILE,  Mexico  ,FL,59765.9,348.0,2024-05-10
TXN00000259,CUST00378,2026-02-05,transfer,7471.37,ACC0000000230,  NEW YORK  ,EMP0055,james SMITH,customer8@yahoo.com,9309829806,Inactive,Low,investment,MOBILE,USA,ca,20414.62,600.0,2025-12-13
TXN00001006,CUST00053,2026-03-13,transfer,5233.24,ACC0000000091,SAN DIEGO,EMP0080,William rodriguez,customer9@bank.com,3895151323,INACTIVE,,SAVINGS,  ONLINE  ,United States,  CA  ,35948.97,685.0,2026-06-15
TXN00000211,CUST00347,2025/04/04,Transfer,7782.48,ACC0000000039,San Antonio,EMP0024,JENNIFER   jones  ,customer10@hotmail.com,6036699788,SUSPENDED,High,MORTGAGE,,  USA  ,CA,81707.43,684.0,2024-04-15
TXN00000026,CUST00380,2024-08-27,TRANSFER,12346.48,ACC0000000096,CHICAGO,EMP0059,  LINDA     jones  ,customer11@yahoo.com,7426002047,inactive,Low,credit card,MOBILE,usa,NY,30122.22,580.0,2024-09-06
TXN00000583,CUST00280,2025-06-30,deposit,3925.74,ACC0000000089,  NEW YORK  ,EMP0066,elizabeth Williams,customer12@hotmail.com,7319579830,Active,,MORTGAGE,  ONLINE  ,MEXICO,,64191.82,745.0,2025-01-16
TXN00000962,CUST00045,2024-09-01,Payment,5609.45,ACC0000000264,dallas,EMP0055,elizabeth Davis,customer13@yahoo.com,9309383033,  Active  ,high,  Checking  ,atm,mexico,ca,63760.95,741.0,2026-01-05
TXN00000981,CUST00303,2024-11-12,Transfer,11259.16,ACC0000000062,  PHILADELPHIA  ,EMP0071,JENNIFER   johnson  ,customer14@gmail.com,9718714399,,low,credit card,,USA,,14176.69,809.0,2024-07-17
TXN00000903,CUST00217,08-04-2026,DEPOSIT,13108.23,ACC0000000194,dallas,,  LINDA   SMITH,customer15@hotmail.com,8742203960,,low,Checking,  Branch  ,mexico,tx,53737.61,720.0,2024-02-12
TXN00000698,CUST00017,2026-03-14,PAYMENT,11007.39,ACC0000000021,houston,EMP0058,james rodriguez,customer16@yahoo.com,8138113948,  Active  ,  HIGH  ,,ATM,CANADA,TX,58029.27,351.0,2026-03-06
TXN00000378,CUST00016,2025-04-25,TRANSFER,1814.95,ACC0000000220,  PHILADELPHIA  ,EMP0050,MARIA   jones  ,customer17@bank.com,2056688327,,Medium,credit card,  Branch  ,  Mexico  ,FL,27655.99,634.0,2026-02-16
TXN00000106,CUST00048,2026-05-05,withdrawal,13503.47,ACC0000000143,Los Angeles,EMP0046,  John     MILLER  ,customer18@bank.com,5212251641,Suspended,MEDIUM,,,  Mexico  ,  CA  ,39747.15,746.0,2024-05-13
TXN00000518,CUST00112,2024-07-17,Withdrawal,5058.41,ACC0000000285,SAN DIEGO,EMP0029,elizabeth BROWN,customer19@outlook.com,3316884378,INACTIVE,High,Loan,,usa,CA,86770.91,568.0,2025-05-30
TXN00000979,CUST00120,2025/01/11,,6468.4,ACC0000000136,San Antonio,EMP0024,  LINDA   GARCIA,customer20@yahoo.com,8682652438,inactive,High,Checking,mobile,,,86762.92,465.0,2024-04-05
TXN00000234,CUST00259,2025-11-25,TRANSFER,7881.62,ACC0000000067,houston,EMP0055,MARIA GARCIA,customer21@gmail.com,7753621573,Suspended,Low,MORTGAGE,  Branch  ,MEXICO,  CA  ,20262.21,314.0,2025-03-03
TXN00000134,CUST00309,2025-08-07,DEPOSIT,3981.1,ACC0000000083,SAN DIEGO,EMP0078,  John   MARTINEZ,customer22@outlook.com,2862279292,inactive,Medium,SAVINGS,  ONLINE  ,mexico,,96087.0,618.0,2024-12-09
TXN00000821,CUST00014,2025-03-27,TRANSFER,14627.01,ACC0000000300,,EMP0001,  PATRICIA   MARTINEZ,customer23@bank.com,5054729919,active,High,MORTGAGE,BRANCH,canada,NY,92453.35,622.0,2024-02-18
TXN00001008,CUST00288,2025-04-17,deposit,9431.62,ACC0000000131,SAN DIEGO,EMP0074,William BROWN,customer24@gmail.com,3755331001,active,MEDIUM,investment,atm,canada,  CA  ,93519.1,733.0,2025-02-20
TXN00000152,CUST00102,2026-13-45,transfer,7467.41,ACC0000000003,CHICAGO,EMP0064,Robert BROWN,customer25@yahoo.com,4544071756,Active,low,Loan,mobile,CANADA,NY,34678.42,672.0,
TXN00000591,CUST00367,2026-02-26,Payment,7686.19,ACC0000000170,dallas,EMP0094,  John     johnson  ,customer26@bank.com,7319015807,Inactive,  HIGH  ,credit card,  ONLINE  ,USA,CA,17277.73,801.0,2024-09-16
TXN00000645,CUST00333,2024-10-15,Payment,878.81,ACC0000000239,Phoenix,EMP0031,William Davis,customer27@outlook.com,8746468289,Suspended,,SAVINGS,Online,CANADA,,8881.09,753.0,2025-02-09
TXN00000703,CUST00360,2026-03-07,withdrawal,12897.43,ACC0000000080,  PHILADELPHIA  ,EMP0092,MARIA rodriguez,customer28@bank.com,3436909035,,Medium,,BRANCH,usa,FL,68372.42,648.0,2024-07-20
TXN00000055,CUST00280,2025-01-26,PAYMENT,2544.88,ACC0000000021,San Antonio,EMP0065,michael BROWN,customer29@hotmail.com,9114209563,INACTIVE,,credit card,BRANCH,mexico,,33460.19,850.0,2024-01-03
TXN00000156,CUST00215,01-08-2026,withdrawal,2401.78,  ACC0000000079  ,  PHILADELPHIA  ,,  LINDA   GARCIA,customer30@outlook.com,5607209818,  Active  ,  HIGH  ,SAVINGS,ATM,mexico,ca,53770.99,329.0,2025-11-29
TXN00000153,CUST00113,2025-05-29,PAYMENT,11611.27,ACC0000000166,Los Angeles,EMP0035,elizabeth MARTINEZ,customer31@bank.com,7223142622,  Active  ,Low,credit card,  Branch  ,United States,NY,34450.91,761.0,2026-04-24
TXN00000831,CUST00230,2025-06-24,transfer,13419.31,ACC0000000027,Los Angeles,EMP0053,William SMITH,customer32@outlook.com,8789391732,inactive,Medium,investment,ATM,MEXICO,,98948.73,615.0,2024-02-28
TXN00000577,CUST00302,2025-03-04,deposit,10128.1,ACC0000000155,SAN DIEGO,EMP0070,JENNIFER   MILLER  ,customer33@yahoo.com,4421374081,ACTIVE,Medium,  Checking  ,ATM,canada,,48846.98,626.0,2024-12-18
TXN00000972,CUST00143,2024-06-14,Withdrawal,1774.24,ACC0000000252,Los Angeles,EMP0074,james   MILLER  ,customer34@hotmail.com,3454064526,inactive,Medium,credit card,BRANCH,  USA  ,ca,91481.43,526.0,2026-01-02
TXN00000312,CUST00004,2026-04-16,,11124.66,ACC0000000294,  NEW YORK  ,EMP0047,JENNIFER   MILLER  ,customer35@hotmail.com,3377164539,INACTIVE,Medium,  Checking  ,atm,USA,  NY  ,,496.0,2026-03-23
TXN00000088,CUST00389,2024-07-23,PAYMENT,88.4,ACC0000000282,CHICAGO,EMP0005,JENNIFER SMITH,customer36@bank.com,8054675544,active,  HIGH  ,investment,ATM,usa,,34991.72,818.0,2025-09-01
TXN00000255,CUST00082,2026-03-31,,12887.4,ACC0000000184,CHICAGO,EMP0005,Robert GARCIA,customer37@outlook.com,3318467914,ACTIVE,high,credit card,ATM,  USA  ,,17600.25,329.0,2024-08-24
TXN00000122,CUST00358,2025-09-11,Payment,233.71,ACC0000000038,  NEW YORK  ,EMP0073,JENNIFER   jones  ,customer38@outlook.com,2766635177,INACTIVE,  HIGH  ,SAVINGS,BRANCH,canada,ca,57968.92,735.0,2026-04-28
TXN00000572,CUST00217,2024-05-21,Payment,737.42,ACC0000000163,houston,EMP0062,  LINDA   rodriguez,customer39@outlook.com,4664903675,INACTIVE,  HIGH  ,SAVINGS,BRANCH,MEXICO,ny,40961.49,433.0,2025-03-26
TXN00000783,CUST00175,2026/06/12,transfer,-1883.4848320230797,ACC0000000270,Los Angeles,EMP0091,MARIA BROWN,USER40@YAHOO.COM,6095672364,SUSPENDED,High,credit card,mobile,USA,ny,59323.3,,2025-04-12
TXN00000427,CUST00143,2024-09-13,DEPOSIT,13807.39,ACC0000000113,,EMP0048,  LINDA     MILLER  ,customer41@hotmail.com,4607927968,SUSPENDED,high,SAVINGS,mobile,USA,  NY  ,86965.1,548.0,2025-04-15
TXN00000621,CUST00080,2024-02-23,,2725.47,ACC0000000095,houston,EMP0015,  LINDA     jones  ,customer42@bank.com,9112469780,Inactive,,SAVINGS,  Branch  ,canada,,23004.77,678.0,2024-12-30
TXN00000611,CUST00111,2025-10-18,PAYMENT,14407.12,ACC0000000267,Los Angeles,EMP0075,james   MILLER  ,customer43@outlook.com,4081725413,active,low,,MOBILE,United States,  CA  ,53444.35,564.0,2025-02-11
TXN00000810,CUST00391,2025-05-07,,578.69,ACC0000000035,  NEW YORK  ,EMP0062,michael Williams,customer44@bank.com,8488134156,INACTIVE,,credit card,MOBILE,canada,  CA  ,78386.58,714.0,2025-08-21
TXN00000634,CUST00173,14-06-2026,deposit,12056.58,ACC0000000259,dallas,,elizabeth MARTINEZ,customer45@gmail.com,9314819379,INACTIVE,Low,Loan,,mexico,CA,37635.14,690.0,2024-04-08
TXN00000232,CUST00053,2025-01-15,DEPOSIT,10724.61,ACC0000000082,San Antonio,EMP0089,MARIA Williams,customer46@yahoo.com,8192677876,  Active  ,MEDIUM,Loan,,USA,TX,23131.81,433.0,2025-09-17
TXN00000795,CUST00048,2025-07-21,transfer,9852.76,ACC0000000213,,EMP0011,  PATRICIA     jones  ,customer47@yahoo.com,3574238104,ACTIVE,  HIGH  ,credit card,ATM,CANADA,tx,99151.5,488.0,2025-07-04
TXN00000536,CUST00195,2024-04-15,DEPOSIT,3406.5,ACC0000000279,SAN DIEGO,EMP0019,  LINDA   rodriguez,customer48@yahoo.com,5881265055,Inactive,Medium,credit card,  Branch  ,  Mexico  ,NY,50943.64,728.0,2024-08-17
TXN00000390,CUST00050,2025-12-29,Transfer,3761.53,ACC0000000275,dallas,EMP0094,JENNIFER   johnson  ,customer49@outlook.com,2793763041,INACTIVE,MEDIUM,credit card,Online,mexico,  CA  ,56433.42,644.0,2024-05-15
